FunctionEval,JacobianEval,KSPSolve,PCApply,PCSetUp,SNESSolve,degree,dimension,dofs,ksp_history,ksp_its,linear_its,mesh_size,name,num_cells,num_processes,parameter_name,snes_history,snes_its,solver_parameters,fs0_its,fs1_its,outer_its
0.0561328331629,0.00162677963575,31.623042812,31.2532206873,2.51476984223,31.7409868439,1,3,740525,"cnumpy.core.multiarray
_reconstruct
p1
(cnumpy
ndarray
p2
(I0
tS'b'
tRp3
(I1
(I19
tcnumpy
dtype
p4
(S'f8'
I0
I1
tRp5
(I3
S'<'
NNNI-1
I-1
I0
tbI00
S""\x03\x7f\xaa\xbb\x84\x86\xc2?\xb9\xf80^Z\xc4\xa7?)\x832\x07\xed\xe9x?l\xe6i~#\xed\x10?'M\xf4\x8f(!\xc7>r\xb8R\x04\xde:k>\xa5@\x0b\xdd\xf7\xf70?\xd6\xe7\x12_\x11\xce0?\xd5,\xa87\xfc\xa7\x1a?\xa96\x0f\xe3}\\\xd5>()\xcf,\xe0\xaf~>\xe17\xce\x83\xd4m#>\xf31pJk\xd7\x83>j\x08\x1eO![}>\x95\xf5\x89\xc7L\xbaL>m,Jw>\xd9\n>\xb8~\x8c\x89\xe1\xf0\xd0=\xbc\x82\xc1\x0c@\x15\x84=\xe5K\x9ax~:?=""
tb.",16,"cnumpy.core.multiarray
_reconstruct
p1
(cnumpy
ndarray
p2
(I0
tS'b'
tRp3
(I1
(I4
tcnumpy
dtype
p4
(S'i8'
I0
I1
tRp5
(I3
S'<'
NNNI-1
I-1
I0
tbI00
S'\x00\x00\x00\x00\x00\x00\x00\x00\x05\x00\x00\x00\x00\x00\x00\x00\x05\x00\x00\x00\x00\x00\x00\x00\x06\x00\x00\x00\x00\x00\x00\x00'
tb.",30,Rayleigh-Benard,162000,24,pcd_mg,"cnumpy.core.multiarray
_reconstruct
p1
(cnumpy
ndarray
p2
(I0
tS'b'
tRp3
(I1
(I4
tcnumpy
dtype
p4
(S'f8'
I0
I1
tRp5
(I3
S'<'
NNNI-1
I-1
I0
tbI00
S'\x03\x7f\xaa\xbb\x84\x86\xc2?\xa5@\x0b\xdd\xf7\xf70?\xf31pJk\xd7\x83>\xa7\x039\x04\x9d\xff?='
tb.",3,"(dp1
S'snes_monitor'
p2
I01
sS'fieldsplit_0_fieldsplit_1_pcd_Kp_telescope_ksp_pc_type'
p3
S'hypre'
p4
sS'fieldsplit_0_fieldsplit_0_assembled_mg_levels_ksp_max_it'
p5
I3
sS'snes_converged_reason'
p6
I01
sS'snes_linesearch_type'
p7
S'basic'
p8
sS'fieldsplit_1_assembled_telescope_mg_levels_ksp_max_it'
p9
I3
sS'fieldsplit_0_fieldsplit_1_pcd_Kp_pc_telescope_reduction_factor'
p10
I6
sS'fieldsplit_0_fieldsplit_1_pcd_Kp_telescope_pc_hypre_boomeramg_no_CF'
p11
I01
sS'fieldsplit_0_fieldsplit_0_assembled_mg_levels_ksp_type'
p12
S'richardson'
p13
sS'parameters'
p14
S'pcd_mg'
p15
sS'fieldsplit_1_assembled_telescope_pc_type'
p16
g4
sS'fieldsplit_0_fieldsplit_1_pcd_Kp_telescope_ksp_pc_hypre_boomeramg_P_max'
p17
I4
sS'fieldsplit_0_fieldsplit_0_assembled_pc_hypre_boomeramg_coarsen_type'
p18
S'HMIS'
p19
sS'fieldsplit_0_ksp_rtol'
p20
F0.01
sS'fieldsplit_0_fieldsplit_1_pcd_Kp_telescope_pc_hypre_boomeramg_interp_type'
p21
S'ext+i'
p22
sS'snes_view'
p23
I01
sS'fieldsplit_0_fieldsplit_1_pcd_Kp_telescope_pc_type'
p24
S'ksp'
p25
sS'pc_fieldsplit_type'
p26
S'multiplicative'
p27
sS'log_view'
p28
S'ascii:results64/rayleigh-benard-pcd_hypre-fixed-rapr-weak-3d-64bit-24.log'
p29
sS'fieldsplit_0_fieldsplit_1_pcd_Mp_mat_type'
p30
S'aij'
p31
sS'fieldsplit_0_fieldsplit_0_assembled_pc_hypre_boomeramg_P_max'
p32
I4
sS'fieldsplit_1_assembled_telescope_mg_levels_ksp_type'
p33
g13
sS'ksp_gmres_modifiedgramschmidt'
p34
I01
sS'fieldsplit_0_fieldsplit_1_pcd_Mp_ksp_type'
p35
g13
sS'fieldsplit_0_fieldsplit_1_pcd_Fp_mat_type'
p36
S'matfree'
p37
sS'fieldsplit_1_assembled_telescope_pc_hypre_boomeramg_agg_nl'
p38
I1
sS'fieldsplit_0_fieldsplit_1_pcd_Kp_telescope_ksp_pc_hypre_boomeramg_agg_num_paths'
p39
I2
sS'snes_rtol'
p40
F1e-08
sS'fieldsplit_1_pc_type'
p41
S'python'
p42
sS'fieldsplit_0_pc_fieldsplit_schur_fact_type'
p43
S'lower'
p44
sS'fieldsplit_1_assembled_telescope_pc_hypre_boomeramg_no_CF'
p45
I01
sS'fieldsplit_0_fieldsplit_1_pcd_Kp_telescope_ksp_pc_hypre_boomeramg_no_CF'
p46
I01
sS'fieldsplit_1_assembled_telescope_mg_levels_pc_type'
p47
S'bjacobi'
p48
sS'fieldsplit_0_fieldsplit_1_pcd_Kp_telescope_ksp_pc_hypre_boomeramg_agg_nl'
p49
I1
sS'pc_type'
p50
S'fieldsplit'
p51
sS'fieldsplit_0_fieldsplit_0_ksp_type'
p52
S'preonly'
p53
sS'fieldsplit_1_assembled_telescope_pc_gamg_sym_graph'
p54
I01
sS'fieldsplit_0_fieldsplit_0_assembled_mat_type'
p55
g31
sS'snes_type'
p56
S'newtonls'
p57
sS'fieldsplit_0_fieldsplit_1_pcd_Kp_telescope_ksp_ksp_type'
p58
g13
sS'pc_fieldsplit_1_fields'
p59
S'2'
sS'fieldsplit_0_fieldsplit_0_pc_python_type'
p60
S'firedrake.AssembledPC'
p61
sS'fieldsplit_0_ksp_gmres_modifiedgramschmidt'
p62
I01
sS'fieldsplit_1_assembled_telescope_pc_hypre_boomeramg_P_max'
p63
I4
sS'fieldsplit_0_fieldsplit_0_assembled_mg_levels_sub_pc_type'
p64
S'ilu'
p65
sS'fieldsplit_0_fieldsplit_0_pc_type'
p66
g42
sS'fieldsplit_0_fieldsplit_1_pcd_Kp_telescope_ksp_ksp_max_it'
p67
I3
sS'fieldsplit_1_ksp_type'
p68
S'gmres'
p69
sS'results-file'
p70
S'results64/rayleigh-benard-weak-3d-64bit-pcd_hypre-fixed-rapr.csv'
p71
sS'fieldsplit_1_assembled_pc_telescope_reduction_factor'
p72
I6
sS'fieldsplit_0_fieldsplit_1_pcd_Kp_telescope_pc_hypre_boomeramg_agg_nl'
p73
I1
sS'fieldsplit_0_pc_type'
p74
g51
sS'fieldsplit_0_fieldsplit_1_pcd_Mp_ksp_max_it'
p75
I2
sS'fieldsplit_1_pc_python_type'
p76
g61
sS'fieldsplit_1_assembled_pc_type'
p77
S'telescope'
p78
sS'fieldsplit_0_fieldsplit_0_assembled_pc_hypre_boomeramg_agg_nl'
p79
I1
sS'fieldsplit_0_fieldsplit_1_pcd_Kp_telescope_pc_hypre_boomeramg_coarsen_type'
p80
g19
sS'mat_type'
p81
g37
sS'fieldsplit_1_ksp_rtol'
p82
F0.0001
sS'fieldsplit_1_assembled_telescope_pc_hypre_boomeramg_coarsen_type'
p83
g19
sS'fieldsplit_1_assembled_telescope_pc_hypre_boomeramg_interp_type'
p84
g22
sS'fieldsplit_0_fieldsplit_1_pcd_Kp_telescope_ksp_pc_hypre_boomeramg_interp_type'
p85
g22
sS'fieldsplit_0_pc_fieldsplit_type'
p86
S'schur'
p87
sS'ksp_type'
p88
S'fgmres'
p89
sS'fieldsplit_0_fieldsplit_1_pcd_Kp_pc_type'
p90
g78
sS'fieldsplit_0_fieldsplit_0_assembled_pc_gamg_sym_graph'
p91
I01
sS'fieldsplit_1_assembled_mat_type'
p92
g31
sS'fieldsplit_0_fieldsplit_0_assembled_pc_type'
p93
g4
sS'ksp_monitor'
p94
I01
sS'fieldsplit_0_fieldsplit_1_pcd_Kp_ksp_type'
p95
g53
sS'pc_fieldsplit_0_fields'
p96
S'0,1'
p97
sS'fieldsplit_0_fieldsplit_1_pcd_Kp_mat_type'
p98
g31
sS'fieldsplit_0_fieldsplit_1_pc_type'
p99
g42
sS'fieldsplit_0_fieldsplit_1_ksp_type'
p100
g53
sS'fieldsplit_0_fieldsplit_0_assembled_mg_levels_pc_type'
p101
g48
sS'fieldsplit_0_ksp_converged_reason'
p102
I01
sS'ksp_converged_reason'
p103
I01
sS'fieldsplit_0_fieldsplit_0_assembled_pc_hypre_boomeramg_agg_num_paths'
p104
I2
sS'fieldsplit_1_assembled_telescope_mg_levels_sub_pc_type'
p105
g65
sS'fieldsplit_0_fieldsplit_1_pcd_Kp_telescope_pc_hypre_boomeramg_agg_num_paths'
p106
I2
sS'fieldsplit_0_fieldsplit_1_pcd_Kp_telescope_pc_hypre_boomeramg_P_max'
p107
I4
sS'fieldsplit_0_fieldsplit_1_pc_python_type'
p108
S'firedrake.PCDPC'
p109
sS'fieldsplit_0_ksp_type'
p110
g69
sS'fieldsplit_0_fieldsplit_0_assembled_pc_hypre_boomeramg_interp_type'
p111
g22
sS'fieldsplit_1_assembled_telescope_pc_hypre_boomeramg_agg_num_paths'
p112
I2
sS'fieldsplit_0_fieldsplit_1_pcd_Kp_telescope_ksp_pc_hypre_boomeramg_coarsen_type'
p113
g19
sS'fieldsplit_1_ksp_converged_reason'
p114
I01
sS'fieldsplit_0_fieldsplit_1_pcd_Mp_pc_type'
p115
S'sor'
p116
sS'dimension'
p117
S'3'
sS'fieldsplit_0_fieldsplit_0_assembled_pc_hypre_boomeramg_no_CF'
p118
I01
s.","cnumpy.core.multiarray
_reconstruct
p1
(cnumpy
ndarray
p2
(I0
tS'b'
tRp3
(I1
(I16
tcnumpy
dtype
p4
(S'i8'
I0
I1
tRp5
(I3
S'<'
NNNI-1
I-1
I0
tbI00
S'\x13\x00\x00\x00\x00\x00\x00\x00\x12\x00\x00\x00\x00\x00\x00\x00\x16\x00\x00\x00\x00\x00\x00\x00\x1b\x00\x00\x00\x00\x00\x00\x00\x1c\x00\x00\x00\x00\x00\x00\x00\x0f\x00\x00\x00\x00\x00\x00\x00\x0f\x00\x00\x00\x00\x00\x00\x00\x12\x00\x00\x00\x00\x00\x00\x00\x17\x00\x00\x00\x00\x00\x00\x00\x17\x00\x00\x00\x00\x00\x00\x00\x15\x00\x00\x00\x00\x00\x00\x00\x11\x00\x00\x00\x00\x00\x00\x00\x11\x00\x00\x00\x00\x00\x00\x00\x16\x00\x00\x00\x00\x00\x00\x00\x16\x00\x00\x00\x00\x00\x00\x00\x16\x00\x00\x00\x00\x00\x00\x00'
tb.","cnumpy.core.multiarray
_reconstruct
p1
(cnumpy
ndarray
p2
(I0
tS'b'
tRp3
(I1
(I16
tcnumpy
dtype
p4
(S'i8'
I0
I1
tRp5
(I3
S'<'
NNNI-1
I-1
I0
tbI00
S'\x06\x00\x00\x00\x00\x00\x00\x00\x06\x00\x00\x00\x00\x00\x00\x00\x06\x00\x00\x00\x00\x00\x00\x00\x06\x00\x00\x00\x00\x00\x00\x00\x06\x00\x00\x00\x00\x00\x00\x00\x07\x00\x00\x00\x00\x00\x00\x00\x07\x00\x00\x00\x00\x00\x00\x00\x07\x00\x00\x00\x00\x00\x00\x00\x07\x00\x00\x00\x00\x00\x00\x00\x07\x00\x00\x00\x00\x00\x00\x00\x07\x00\x00\x00\x00\x00\x00\x00\x07\x00\x00\x00\x00\x00\x00\x00\x07\x00\x00\x00\x00\x00\x00\x00\x07\x00\x00\x00\x00\x00\x00\x00\x07\x00\x00\x00\x00\x00\x00\x00\x07\x00\x00\x00\x00\x00\x00\x00'
tb.","cnumpy.core.multiarray
_reconstruct
p1
(cnumpy
ndarray
p2
(I0
tS'b'
tRp3
(I1
(I3
tcnumpy
dtype
p4
(S'i8'
I0
I1
tRp5
(I3
S'<'
NNNI-1
I-1
I0
tbI00
S'\x05\x00\x00\x00\x00\x00\x00\x00\x05\x00\x00\x00\x00\x00\x00\x00\x06\x00\x00\x00\x00\x00\x00\x00'
tb."
0.0695735017459,0.00599392751853,36.2210943997,35.8654003988,3.0859229068,36.3325777551,1,3,1488237,"cnumpy.core.multiarray
_reconstruct
p1
(cnumpy
ndarray
p2
(I0
tS'b'
tRp3
(I1
(I19
tcnumpy
dtype
p4
(S'f8'
I0
I1
tRp5
(I3
S'<'
NNNI-1
I-1
I0
tbI00
S""\xdc\x97\xd7\x01\x00\x95\xc2?X\x83\xc5E\xb2O\xa1?2\x00E`\xd7\\v?\xab\x08bx\xb6\xf70?\x15\x83o\xbb\x94\x1f\xe6>\x93}4R\xa4\\x>\x8bh\xaa\x7f\xdc\xdc'?\x04W\x0fR\x88\xa2'?\xb8\x06\x15\xa0\xd7a\x14?P\xf2\xfcT7\xec\xb5>\xbf\x0f\xc4\x96\x05\x18p>\x9d\xa0\xf8(\xb1}!>\x04\x1b\x0b\xa8\xd6\xd6\xc4=\x1c\x16B\xfd\xa6\x19|>\xb9\xf4\xdf\xccy\xcdt>\xc2\x9dP+rVK>;G\xc5\x84!\xef\x01>\xbf\xa0j\x86N4\xad=s\x06\xa2U\xc3\xe8a=""
tb.",16,"cnumpy.core.multiarray
_reconstruct
p1
(cnumpy
ndarray
p2
(I0
tS'b'
tRp3
(I1
(I4
tcnumpy
dtype
p4
(S'i8'
I0
I1
tRp5
(I3
S'<'
NNNI-1
I-1
I0
tbI00
S'\x00\x00\x00\x00\x00\x00\x00\x00\x05\x00\x00\x00\x00\x00\x00\x00\x06\x00\x00\x00\x00\x00\x00\x00\x05\x00\x00\x00\x00\x00\x00\x00'
tb.",38,Rayleigh-Benard,329232,48,pcd_mg,"cnumpy.core.multiarray
_reconstruct
p1
(cnumpy
ndarray
p2
(I0
tS'b'
tRp3
(I1
(I4
tcnumpy
dtype
p4
(S'f8'
I0
I1
tRp5
(I3
S'<'
NNNI-1
I-1
I0
tbI00
S""\xdc\x97\xd7\x01\x00\x95\xc2?\x8bh\xaa\x7f\xdc\xdc'?\x1c\x16B\xfd\xa6\x19|>\xe5\xe4\xc8}A\xeba=""
tb.",3,"(dp1
S'snes_monitor'
p2
I01
sS'fieldsplit_0_fieldsplit_1_pcd_Kp_telescope_ksp_pc_type'
p3
S'hypre'
p4
sS'fieldsplit_0_fieldsplit_0_assembled_mg_levels_ksp_max_it'
p5
I3
sS'snes_converged_reason'
p6
I01
sS'snes_linesearch_type'
p7
S'basic'
p8
sS'fieldsplit_1_assembled_telescope_mg_levels_ksp_max_it'
p9
I3
sS'fieldsplit_0_fieldsplit_1_pcd_Kp_pc_telescope_reduction_factor'
p10
I6
sS'fieldsplit_0_fieldsplit_1_pcd_Kp_telescope_pc_hypre_boomeramg_no_CF'
p11
I01
sS'fieldsplit_0_fieldsplit_0_assembled_mg_levels_ksp_type'
p12
S'richardson'
p13
sS'parameters'
p14
S'pcd_mg'
p15
sS'fieldsplit_1_assembled_telescope_pc_type'
p16
g4
sS'fieldsplit_0_fieldsplit_1_pcd_Kp_telescope_ksp_pc_hypre_boomeramg_P_max'
p17
I4
sS'fieldsplit_0_fieldsplit_0_assembled_pc_hypre_boomeramg_coarsen_type'
p18
S'HMIS'
p19
sS'fieldsplit_0_ksp_rtol'
p20
F0.01
sS'fieldsplit_0_fieldsplit_1_pcd_Kp_telescope_pc_hypre_boomeramg_interp_type'
p21
S'ext+i'
p22
sS'snes_view'
p23
I01
sS'fieldsplit_0_fieldsplit_1_pcd_Kp_telescope_pc_type'
p24
S'ksp'
p25
sS'pc_fieldsplit_type'
p26
S'multiplicative'
p27
sS'log_view'
p28
S'ascii:results64/rayleigh-benard-pcd_hypre-fixed-rapr-weak-3d-64bit-48.log'
p29
sS'fieldsplit_0_fieldsplit_1_pcd_Mp_mat_type'
p30
S'aij'
p31
sS'fieldsplit_0_fieldsplit_0_assembled_pc_hypre_boomeramg_P_max'
p32
I4
sS'fieldsplit_1_assembled_telescope_mg_levels_ksp_type'
p33
g13
sS'ksp_gmres_modifiedgramschmidt'
p34
I01
sS'fieldsplit_0_fieldsplit_1_pcd_Mp_ksp_type'
p35
g13
sS'fieldsplit_0_fieldsplit_1_pcd_Fp_mat_type'
p36
S'matfree'
p37
sS'fieldsplit_1_assembled_telescope_pc_hypre_boomeramg_agg_nl'
p38
I1
sS'fieldsplit_0_fieldsplit_1_pcd_Kp_telescope_ksp_pc_hypre_boomeramg_agg_num_paths'
p39
I2
sS'snes_rtol'
p40
F1e-08
sS'fieldsplit_1_pc_type'
p41
S'python'
p42
sS'fieldsplit_0_pc_fieldsplit_schur_fact_type'
p43
S'lower'
p44
sS'fieldsplit_1_assembled_telescope_pc_hypre_boomeramg_no_CF'
p45
I01
sS'fieldsplit_0_fieldsplit_1_pcd_Kp_telescope_ksp_pc_hypre_boomeramg_no_CF'
p46
I01
sS'fieldsplit_1_assembled_telescope_mg_levels_pc_type'
p47
S'bjacobi'
p48
sS'fieldsplit_0_fieldsplit_1_pcd_Kp_telescope_ksp_pc_hypre_boomeramg_agg_nl'
p49
I1
sS'pc_type'
p50
S'fieldsplit'
p51
sS'fieldsplit_0_fieldsplit_0_ksp_type'
p52
S'preonly'
p53
sS'fieldsplit_1_assembled_telescope_pc_gamg_sym_graph'
p54
I01
sS'fieldsplit_0_fieldsplit_0_assembled_mat_type'
p55
g31
sS'snes_type'
p56
S'newtonls'
p57
sS'fieldsplit_0_fieldsplit_1_pcd_Kp_telescope_ksp_ksp_type'
p58
g13
sS'pc_fieldsplit_1_fields'
p59
S'2'
sS'fieldsplit_0_fieldsplit_0_pc_python_type'
p60
S'firedrake.AssembledPC'
p61
sS'fieldsplit_0_ksp_gmres_modifiedgramschmidt'
p62
I01
sS'fieldsplit_1_assembled_telescope_pc_hypre_boomeramg_P_max'
p63
I4
sS'fieldsplit_0_fieldsplit_0_assembled_mg_levels_sub_pc_type'
p64
S'ilu'
p65
sS'fieldsplit_0_fieldsplit_0_pc_type'
p66
g42
sS'fieldsplit_0_fieldsplit_1_pcd_Kp_telescope_ksp_ksp_max_it'
p67
I3
sS'fieldsplit_1_ksp_type'
p68
S'gmres'
p69
sS'results-file'
p70
S'results64/rayleigh-benard-weak-3d-64bit-pcd_hypre-fixed-rapr.csv'
p71
sS'fieldsplit_1_assembled_pc_telescope_reduction_factor'
p72
I6
sS'fieldsplit_0_fieldsplit_1_pcd_Kp_telescope_pc_hypre_boomeramg_agg_nl'
p73
I1
sS'fieldsplit_0_pc_type'
p74
g51
sS'fieldsplit_0_fieldsplit_1_pcd_Mp_ksp_max_it'
p75
I2
sS'fieldsplit_1_pc_python_type'
p76
g61
sS'fieldsplit_1_assembled_pc_type'
p77
S'telescope'
p78
sS'fieldsplit_0_fieldsplit_0_assembled_pc_hypre_boomeramg_agg_nl'
p79
I1
sS'fieldsplit_0_fieldsplit_1_pcd_Kp_telescope_pc_hypre_boomeramg_coarsen_type'
p80
g19
sS'mat_type'
p81
g37
sS'fieldsplit_1_ksp_rtol'
p82
F0.0001
sS'fieldsplit_1_assembled_telescope_pc_hypre_boomeramg_coarsen_type'
p83
g19
sS'fieldsplit_1_assembled_telescope_pc_hypre_boomeramg_interp_type'
p84
g22
sS'fieldsplit_0_fieldsplit_1_pcd_Kp_telescope_ksp_pc_hypre_boomeramg_interp_type'
p85
g22
sS'fieldsplit_0_pc_fieldsplit_type'
p86
S'schur'
p87
sS'ksp_type'
p88
S'fgmres'
p89
sS'fieldsplit_0_fieldsplit_1_pcd_Kp_pc_type'
p90
g78
sS'fieldsplit_0_fieldsplit_0_assembled_pc_gamg_sym_graph'
p91
I01
sS'fieldsplit_1_assembled_mat_type'
p92
g31
sS'fieldsplit_0_fieldsplit_0_assembled_pc_type'
p93
g4
sS'ksp_monitor'
p94
I01
sS'fieldsplit_0_fieldsplit_1_pcd_Kp_ksp_type'
p95
g53
sS'pc_fieldsplit_0_fields'
p96
S'0,1'
p97
sS'fieldsplit_0_fieldsplit_1_pcd_Kp_mat_type'
p98
g31
sS'fieldsplit_0_fieldsplit_1_pc_type'
p99
g42
sS'fieldsplit_0_fieldsplit_1_ksp_type'
p100
g53
sS'fieldsplit_0_fieldsplit_0_assembled_mg_levels_pc_type'
p101
g48
sS'fieldsplit_0_ksp_converged_reason'
p102
I01
sS'ksp_converged_reason'
p103
I01
sS'fieldsplit_0_fieldsplit_0_assembled_pc_hypre_boomeramg_agg_num_paths'
p104
I2
sS'fieldsplit_1_assembled_telescope_mg_levels_sub_pc_type'
p105
g65
sS'fieldsplit_0_fieldsplit_1_pcd_Kp_telescope_pc_hypre_boomeramg_agg_num_paths'
p106
I2
sS'fieldsplit_0_fieldsplit_1_pcd_Kp_telescope_pc_hypre_boomeramg_P_max'
p107
I4
sS'fieldsplit_0_fieldsplit_1_pc_python_type'
p108
S'firedrake.PCDPC'
p109
sS'fieldsplit_0_ksp_type'
p110
g69
sS'fieldsplit_0_fieldsplit_0_assembled_pc_hypre_boomeramg_interp_type'
p111
g22
sS'fieldsplit_1_assembled_telescope_pc_hypre_boomeramg_agg_num_paths'
p112
I2
sS'fieldsplit_0_fieldsplit_1_pcd_Kp_telescope_ksp_pc_hypre_boomeramg_coarsen_type'
p113
g19
sS'fieldsplit_1_ksp_converged_reason'
p114
I01
sS'fieldsplit_0_fieldsplit_1_pcd_Mp_pc_type'
p115
S'sor'
p116
sS'dimension'
p117
S'3'
sS'fieldsplit_0_fieldsplit_0_assembled_pc_hypre_boomeramg_no_CF'
p118
I01
s.","cnumpy.core.multiarray
_reconstruct
p1
(cnumpy
ndarray
p2
(I0
tS'b'
tRp3
(I1
(I16
tcnumpy
dtype
p4
(S'i8'
I0
I1
tRp5
(I3
S'<'
NNNI-1
I-1
I0
tbI00
S'\x13\x00\x00\x00\x00\x00\x00\x00\x13\x00\x00\x00\x00\x00\x00\x00\x18\x00\x00\x00\x00\x00\x00\x00\x18\x00\x00\x00\x00\x00\x00\x00\x18\x00\x00\x00\x00\x00\x00\x00\x0f\x00\x00\x00\x00\x00\x00\x00\x0f\x00\x00\x00\x00\x00\x00\x00\x13\x00\x00\x00\x00\x00\x00\x00\x1b\x00\x00\x00\x00\x00\x00\x00\x1c\x00\x00\x00\x00\x00\x00\x00\x1c\x00\x00\x00\x00\x00\x00\x00\x0f\x00\x00\x00\x00\x00\x00\x00\x11\x00\x00\x00\x00\x00\x00\x00\x12\x00\x00\x00\x00\x00\x00\x00\x16\x00\x00\x00\x00\x00\x00\x00\x18\x00\x00\x00\x00\x00\x00\x00'
tb.","cnumpy.core.multiarray
_reconstruct
p1
(cnumpy
ndarray
p2
(I0
tS'b'
tRp3
(I1
(I16
tcnumpy
dtype
p4
(S'i8'
I0
I1
tRp5
(I3
S'<'
NNNI-1
I-1
I0
tbI00
S'\x06\x00\x00\x00\x00\x00\x00\x00\x07\x00\x00\x00\x00\x00\x00\x00\x06\x00\x00\x00\x00\x00\x00\x00\x06\x00\x00\x00\x00\x00\x00\x00\x07\x00\x00\x00\x00\x00\x00\x00\x07\x00\x00\x00\x00\x00\x00\x00\x07\x00\x00\x00\x00\x00\x00\x00\x07\x00\x00\x00\x00\x00\x00\x00\x07\x00\x00\x00\x00\x00\x00\x00\x07\x00\x00\x00\x00\x00\x00\x00\x07\x00\x00\x00\x00\x00\x00\x00\x08\x00\x00\x00\x00\x00\x00\x00\x07\x00\x00\x00\x00\x00\x00\x00\x07\x00\x00\x00\x00\x00\x00\x00\x07\x00\x00\x00\x00\x00\x00\x00\x07\x00\x00\x00\x00\x00\x00\x00'
tb.","cnumpy.core.multiarray
_reconstruct
p1
(cnumpy
ndarray
p2
(I0
tS'b'
tRp3
(I1
(I3
tcnumpy
dtype
p4
(S'i8'
I0
I1
tRp5
(I3
S'<'
NNNI-1
I-1
I0
tbI00
S'\x05\x00\x00\x00\x00\x00\x00\x00\x06\x00\x00\x00\x00\x00\x00\x00\x05\x00\x00\x00\x00\x00\x00\x00'
tb."
0.0708303352197,0.00546437253555,43.7740676527,43.3792079066,3.24726769825,43.9035546904,1,3,2973317,"cnumpy.core.multiarray
_reconstruct
p1
(cnumpy
ndarray
p2
(I0
tS'b'
tRp3
(I1
(I20
tcnumpy
dtype
p4
(S'f8'
I0
I1
tRp5
(I3
S'<'
NNNI-1
I-1
I0
tbI00
S'\xb9\xa9\t\x10C\xa1\xc2?+\x97\x9f\xc9\xda\xf2\x98?\xcc+""L\x89\x7ft?\x08+\x89:\xe0\x18\x1c??\xc3\xb5\x93\xa2\xc6\xd2>\xeb\xe1\xf7{\xfa\xd8h>|\x83??\x98\xd5 ?\xe1\xb1\xef\xdd\x11\xad ?\x18Py~\xbb9\x10?\xac4\x9f\xb3h]\xbc>\x84\xccy\xfc\xd8\x81q>\xff\xfb\xbc$\xd6S\x18>B\xc1qv\x02\xf5\xda=i@\\\xdf\xa9\xe9s>\xf4\xe1\xb4\x9e\x83\x80m>\xaa\x9c)m\x8b\xafE>\xc9K\x1bG\x0e\x0e\x00>S\xa8\x03O\x1b\x11\xc8=\x93]\x9d\xc2\xb1\x15p=\xfc\xc5\x07\xd6;b\x18='
tb.",17,"cnumpy.core.multiarray
_reconstruct
p1
(cnumpy
ndarray
p2
(I0
tS'b'
tRp3
(I1
(I4
tcnumpy
dtype
p4
(S'i8'
I0
I1
tRp5
(I3
S'<'
NNNI-1
I-1
I0
tbI00
S'\x00\x00\x00\x00\x00\x00\x00\x00\x05\x00\x00\x00\x00\x00\x00\x00\x06\x00\x00\x00\x00\x00\x00\x00\x06\x00\x00\x00\x00\x00\x00\x00'
tb.",48,Rayleigh-Benard,663552,96,pcd_mg,"cnumpy.core.multiarray
_reconstruct
p1
(cnumpy
ndarray
p2
(I0
tS'b'
tRp3
(I1
(I4
tcnumpy
dtype
p4
(S'f8'
I0
I1
tRp5
(I3
S'<'
NNNI-1
I-1
I0
tbI00
S'\xb9\xa9\t\x10C\xa1\xc2?|\x83??\x98\xd5 ?i@\\\xdf\xa9\xe9s>b\xd35\x83\xdb$\x1c='
tb.",3,"(dp1
S'snes_monitor'
p2
I01
sS'fieldsplit_0_fieldsplit_1_pcd_Kp_telescope_ksp_pc_type'
p3
S'hypre'
p4
sS'fieldsplit_0_fieldsplit_0_assembled_mg_levels_ksp_max_it'
p5
I3
sS'snes_converged_reason'
p6
I01
sS'snes_linesearch_type'
p7
S'basic'
p8
sS'fieldsplit_1_assembled_telescope_mg_levels_ksp_max_it'
p9
I3
sS'fieldsplit_0_fieldsplit_1_pcd_Kp_pc_telescope_reduction_factor'
p10
I6
sS'fieldsplit_0_fieldsplit_1_pcd_Kp_telescope_pc_hypre_boomeramg_no_CF'
p11
I01
sS'fieldsplit_0_fieldsplit_0_assembled_mg_levels_ksp_type'
p12
S'richardson'
p13
sS'parameters'
p14
S'pcd_mg'
p15
sS'fieldsplit_1_assembled_telescope_pc_type'
p16
g4
sS'fieldsplit_0_fieldsplit_1_pcd_Kp_telescope_ksp_pc_hypre_boomeramg_P_max'
p17
I4
sS'fieldsplit_0_fieldsplit_0_assembled_pc_hypre_boomeramg_coarsen_type'
p18
S'HMIS'
p19
sS'fieldsplit_0_ksp_rtol'
p20
F0.01
sS'fieldsplit_0_fieldsplit_1_pcd_Kp_telescope_pc_hypre_boomeramg_interp_type'
p21
S'ext+i'
p22
sS'snes_view'
p23
I01
sS'fieldsplit_0_fieldsplit_1_pcd_Kp_telescope_pc_type'
p24
S'ksp'
p25
sS'pc_fieldsplit_type'
p26
S'multiplicative'
p27
sS'log_view'
p28
S'ascii:results64/rayleigh-benard-pcd_hypre-fixed-rapr-weak-3d-64bit-96.log'
p29
sS'fieldsplit_0_fieldsplit_1_pcd_Mp_mat_type'
p30
S'aij'
p31
sS'fieldsplit_0_fieldsplit_0_assembled_pc_hypre_boomeramg_P_max'
p32
I4
sS'fieldsplit_1_assembled_telescope_mg_levels_ksp_type'
p33
g13
sS'ksp_gmres_modifiedgramschmidt'
p34
I01
sS'fieldsplit_0_fieldsplit_1_pcd_Mp_ksp_type'
p35
g13
sS'fieldsplit_0_fieldsplit_1_pcd_Fp_mat_type'
p36
S'matfree'
p37
sS'fieldsplit_1_assembled_telescope_pc_hypre_boomeramg_agg_nl'
p38
I1
sS'fieldsplit_0_fieldsplit_1_pcd_Kp_telescope_ksp_pc_hypre_boomeramg_agg_num_paths'
p39
I2
sS'snes_rtol'
p40
F1e-08
sS'fieldsplit_1_pc_type'
p41
S'python'
p42
sS'fieldsplit_0_pc_fieldsplit_schur_fact_type'
p43
S'lower'
p44
sS'fieldsplit_1_assembled_telescope_pc_hypre_boomeramg_no_CF'
p45
I01
sS'fieldsplit_0_fieldsplit_1_pcd_Kp_telescope_ksp_pc_hypre_boomeramg_no_CF'
p46
I01
sS'fieldsplit_1_assembled_telescope_mg_levels_pc_type'
p47
S'bjacobi'
p48
sS'fieldsplit_0_fieldsplit_1_pcd_Kp_telescope_ksp_pc_hypre_boomeramg_agg_nl'
p49
I1
sS'pc_type'
p50
S'fieldsplit'
p51
sS'fieldsplit_0_fieldsplit_0_ksp_type'
p52
S'preonly'
p53
sS'fieldsplit_1_assembled_telescope_pc_gamg_sym_graph'
p54
I01
sS'fieldsplit_0_fieldsplit_0_assembled_mat_type'
p55
g31
sS'snes_type'
p56
S'newtonls'
p57
sS'fieldsplit_0_fieldsplit_1_pcd_Kp_telescope_ksp_ksp_type'
p58
g13
sS'pc_fieldsplit_1_fields'
p59
S'2'
sS'fieldsplit_0_fieldsplit_0_pc_python_type'
p60
S'firedrake.AssembledPC'
p61
sS'fieldsplit_0_ksp_gmres_modifiedgramschmidt'
p62
I01
sS'fieldsplit_1_assembled_telescope_pc_hypre_boomeramg_P_max'
p63
I4
sS'fieldsplit_0_fieldsplit_0_assembled_mg_levels_sub_pc_type'
p64
S'ilu'
p65
sS'fieldsplit_0_fieldsplit_0_pc_type'
p66
g42
sS'fieldsplit_0_fieldsplit_1_pcd_Kp_telescope_ksp_ksp_max_it'
p67
I3
sS'fieldsplit_1_ksp_type'
p68
S'gmres'
p69
sS'results-file'
p70
S'results64/rayleigh-benard-weak-3d-64bit-pcd_hypre-fixed-rapr.csv'
p71
sS'fieldsplit_1_assembled_pc_telescope_reduction_factor'
p72
I6
sS'fieldsplit_0_fieldsplit_1_pcd_Kp_telescope_pc_hypre_boomeramg_agg_nl'
p73
I1
sS'fieldsplit_0_pc_type'
p74
g51
sS'fieldsplit_0_fieldsplit_1_pcd_Mp_ksp_max_it'
p75
I2
sS'fieldsplit_1_pc_python_type'
p76
g61
sS'fieldsplit_1_assembled_pc_type'
p77
S'telescope'
p78
sS'fieldsplit_0_fieldsplit_0_assembled_pc_hypre_boomeramg_agg_nl'
p79
I1
sS'fieldsplit_0_fieldsplit_1_pcd_Kp_telescope_pc_hypre_boomeramg_coarsen_type'
p80
g19
sS'mat_type'
p81
g37
sS'fieldsplit_1_ksp_rtol'
p82
F0.0001
sS'fieldsplit_1_assembled_telescope_pc_hypre_boomeramg_coarsen_type'
p83
g19
sS'fieldsplit_1_assembled_telescope_pc_hypre_boomeramg_interp_type'
p84
g22
sS'fieldsplit_0_fieldsplit_1_pcd_Kp_telescope_ksp_pc_hypre_boomeramg_interp_type'
p85
g22
sS'fieldsplit_0_pc_fieldsplit_type'
p86
S'schur'
p87
sS'ksp_type'
p88
S'fgmres'
p89
sS'fieldsplit_0_fieldsplit_1_pcd_Kp_pc_type'
p90
g78
sS'fieldsplit_0_fieldsplit_0_assembled_pc_gamg_sym_graph'
p91
I01
sS'fieldsplit_1_assembled_mat_type'
p92
g31
sS'fieldsplit_0_fieldsplit_0_assembled_pc_type'
p93
g4
sS'ksp_monitor'
p94
I01
sS'fieldsplit_0_fieldsplit_1_pcd_Kp_ksp_type'
p95
g53
sS'pc_fieldsplit_0_fields'
p96
S'0,1'
p97
sS'fieldsplit_0_fieldsplit_1_pcd_Kp_mat_type'
p98
g31
sS'fieldsplit_0_fieldsplit_1_pc_type'
p99
g42
sS'fieldsplit_0_fieldsplit_1_ksp_type'
p100
g53
sS'fieldsplit_0_fieldsplit_0_assembled_mg_levels_pc_type'
p101
g48
sS'fieldsplit_0_ksp_converged_reason'
p102
I01
sS'ksp_converged_reason'
p103
I01
sS'fieldsplit_0_fieldsplit_0_assembled_pc_hypre_boomeramg_agg_num_paths'
p104
I2
sS'fieldsplit_1_assembled_telescope_mg_levels_sub_pc_type'
p105
g65
sS'fieldsplit_0_fieldsplit_1_pcd_Kp_telescope_pc_hypre_boomeramg_agg_num_paths'
p106
I2
sS'fieldsplit_0_fieldsplit_1_pcd_Kp_telescope_pc_hypre_boomeramg_P_max'
p107
I4
sS'fieldsplit_0_fieldsplit_1_pc_python_type'
p108
S'firedrake.PCDPC'
p109
sS'fieldsplit_0_ksp_type'
p110
g69
sS'fieldsplit_0_fieldsplit_0_assembled_pc_hypre_boomeramg_interp_type'
p111
g22
sS'fieldsplit_1_assembled_telescope_pc_hypre_boomeramg_agg_num_paths'
p112
I2
sS'fieldsplit_0_fieldsplit_1_pcd_Kp_telescope_ksp_pc_hypre_boomeramg_coarsen_type'
p113
g19
sS'fieldsplit_1_ksp_converged_reason'
p114
I01
sS'fieldsplit_0_fieldsplit_1_pcd_Mp_pc_type'
p115
S'sor'
p116
sS'dimension'
p117
S'3'
sS'fieldsplit_0_fieldsplit_0_assembled_pc_hypre_boomeramg_no_CF'
p118
I01
s.","cnumpy.core.multiarray
_reconstruct
p1
(cnumpy
ndarray
p2
(I0
tS'b'
tRp3
(I1
(I17
tcnumpy
dtype
p4
(S'i8'
I0
I1
tRp5
(I3
S'<'
NNNI-1
I-1
I0
tbI00
S'\x13\x00\x00\x00\x00\x00\x00\x00\x13\x00\x00\x00\x00\x00\x00\x00\x17\x00\x00\x00\x00\x00\x00\x00\x1a\x00\x00\x00\x00\x00\x00\x00\x1a\x00\x00\x00\x00\x00\x00\x00\x10\x00\x00\x00\x00\x00\x00\x00\x0f\x00\x00\x00\x00\x00\x00\x00\x13\x00\x00\x00\x00\x00\x00\x00\x19\x00\x00\x00\x00\x00\x00\x00\x1d\x00\x00\x00\x00\x00\x00\x00\x18\x00\x00\x00\x00\x00\x00\x00\x0f\x00\x00\x00\x00\x00\x00\x00\x12\x00\x00\x00\x00\x00\x00\x00\x12\x00\x00\x00\x00\x00\x00\x00\x15\x00\x00\x00\x00\x00\x00\x00\x19\x00\x00\x00\x00\x00\x00\x00\x1b\x00\x00\x00\x00\x00\x00\x00'
tb.","cnumpy.core.multiarray
_reconstruct
p1
(cnumpy
ndarray
p2
(I0
tS'b'
tRp3
(I1
(I17
tcnumpy
dtype
p4
(S'i8'
I0
I1
tRp5
(I3
S'<'
NNNI-1
I-1
I0
tbI00
S'\x07\x00\x00\x00\x00\x00\x00\x00\x07\x00\x00\x00\x00\x00\x00\x00\x07\x00\x00\x00\x00\x00\x00\x00\x07\x00\x00\x00\x00\x00\x00\x00\x08\x00\x00\x00\x00\x00\x00\x00\x08\x00\x00\x00\x00\x00\x00\x00\x08\x00\x00\x00\x00\x00\x00\x00\x08\x00\x00\x00\x00\x00\x00\x00\x08\x00\x00\x00\x00\x00\x00\x00\x08\x00\x00\x00\x00\x00\x00\x00\x08\x00\x00\x00\x00\x00\x00\x00\x08\x00\x00\x00\x00\x00\x00\x00\x08\x00\x00\x00\x00\x00\x00\x00\x08\x00\x00\x00\x00\x00\x00\x00\x08\x00\x00\x00\x00\x00\x00\x00\x08\x00\x00\x00\x00\x00\x00\x00\x08\x00\x00\x00\x00\x00\x00\x00'
tb.","cnumpy.core.multiarray
_reconstruct
p1
(cnumpy
ndarray
p2
(I0
tS'b'
tRp3
(I1
(I3
tcnumpy
dtype
p4
(S'i8'
I0
I1
tRp5
(I3
S'<'
NNNI-1
I-1
I0
tbI00
S'\x05\x00\x00\x00\x00\x00\x00\x00\x06\x00\x00\x00\x00\x00\x00\x00\x06\x00\x00\x00\x00\x00\x00\x00'
tb."
0.0684575090806,0.00696494927009,47.1106206514,46.6933807246,3.53687297801,47.2649757961,1,3,5768645,"cnumpy.core.multiarray
_reconstruct
p1
(cnumpy
ndarray
p2
(I0
tS'b'
tRp3
(I1
(I20
tcnumpy
dtype
p4
(S'f8'
I0
I1
tRp5
(I3
S'<'
NNNI-1
I-1
I0
tbI00
S'v\xe0\xaf\x17\xef\xaa\xc2?=(k\xe8+\x1a\x92?x\xa7\x91\xc9\x03\x05p?\x93\xeaS#EO!?A\xfeX\xf5\x15\xa3\xd4>\xa8\x84\x82\\\x8f\xa9\x8a>\x9f\xc5\xf7RE\x1d\x18?|\x14+ \x95\xe3\x17?)\xba\x99\x0fH\xdd\r?\xa1\xe8\x11\x92\xf1\x93\xd2>\xfa\xd3\xa6nXb\x82>\x84B\xc8\xb7\x1cp5>\xd2\x91g\x00\xc7\xf4\xf1=\x99WZ\xcf\xf6\x99l>j)?\xe8\xef5e>\xeanl\xbd#\xe6D>:[\xa4""@\xeb\x04>\xb20\xa9dQ\xf2\xca=p\xbf\xb3z\xe4\xf3\x86==N\xa6A\xe9\xf2;='
tb.",17,"cnumpy.core.multiarray
_reconstruct
p1
(cnumpy
ndarray
p2
(I0
tS'b'
tRp3
(I1
(I4
tcnumpy
dtype
p4
(S'i8'
I0
I1
tRp5
(I3
S'<'
NNNI-1
I-1
I0
tbI00
S'\x00\x00\x00\x00\x00\x00\x00\x00\x05\x00\x00\x00\x00\x00\x00\x00\x06\x00\x00\x00\x00\x00\x00\x00\x06\x00\x00\x00\x00\x00\x00\x00'
tb.",60,Rayleigh-Benard,1296000,192,pcd_mg,"cnumpy.core.multiarray
_reconstruct
p1
(cnumpy
ndarray
p2
(I0
tS'b'
tRp3
(I1
(I4
tcnumpy
dtype
p4
(S'f8'
I0
I1
tRp5
(I3
S'<'
NNNI-1
I-1
I0
tbI00
S'v\xe0\xaf\x17\xef\xaa\xc2?\x9f\xc5\xf7RE\x1d\x18?\x99WZ\xcf\xf6\x99l>q\xcf\xeau\xf3\x13<='
tb.",3,"(dp1
S'snes_monitor'
p2
I01
sS'fieldsplit_0_fieldsplit_1_pcd_Kp_telescope_ksp_pc_type'
p3
S'hypre'
p4
sS'fieldsplit_0_fieldsplit_0_assembled_mg_levels_ksp_max_it'
p5
I3
sS'snes_converged_reason'
p6
I01
sS'snes_linesearch_type'
p7
S'basic'
p8
sS'fieldsplit_1_assembled_telescope_mg_levels_ksp_max_it'
p9
I3
sS'fieldsplit_0_fieldsplit_1_pcd_Kp_pc_telescope_reduction_factor'
p10
I6
sS'fieldsplit_0_fieldsplit_1_pcd_Kp_telescope_pc_hypre_boomeramg_no_CF'
p11
I01
sS'fieldsplit_0_fieldsplit_0_assembled_mg_levels_ksp_type'
p12
S'richardson'
p13
sS'parameters'
p14
S'pcd_mg'
p15
sS'fieldsplit_1_assembled_telescope_pc_type'
p16
g4
sS'fieldsplit_0_fieldsplit_1_pcd_Kp_telescope_ksp_pc_hypre_boomeramg_P_max'
p17
I4
sS'fieldsplit_0_fieldsplit_0_assembled_pc_hypre_boomeramg_coarsen_type'
p18
S'HMIS'
p19
sS'fieldsplit_0_ksp_rtol'
p20
F0.01
sS'fieldsplit_0_fieldsplit_1_pcd_Kp_telescope_pc_hypre_boomeramg_interp_type'
p21
S'ext+i'
p22
sS'snes_view'
p23
I01
sS'fieldsplit_0_fieldsplit_1_pcd_Kp_telescope_pc_type'
p24
S'ksp'
p25
sS'pc_fieldsplit_type'
p26
S'multiplicative'
p27
sS'log_view'
p28
S'ascii:results64/rayleigh-benard-pcd_hypre-fixed-rapr-weak-3d-64bit-192.log'
p29
sS'fieldsplit_0_fieldsplit_1_pcd_Mp_mat_type'
p30
S'aij'
p31
sS'fieldsplit_0_fieldsplit_0_assembled_pc_hypre_boomeramg_P_max'
p32
I4
sS'fieldsplit_1_assembled_telescope_mg_levels_ksp_type'
p33
g13
sS'ksp_gmres_modifiedgramschmidt'
p34
I01
sS'fieldsplit_0_fieldsplit_1_pcd_Mp_ksp_type'
p35
g13
sS'fieldsplit_0_fieldsplit_1_pcd_Fp_mat_type'
p36
S'matfree'
p37
sS'fieldsplit_1_assembled_telescope_pc_hypre_boomeramg_agg_nl'
p38
I1
sS'fieldsplit_0_fieldsplit_1_pcd_Kp_telescope_ksp_pc_hypre_boomeramg_agg_num_paths'
p39
I2
sS'snes_rtol'
p40
F1e-08
sS'fieldsplit_1_pc_type'
p41
S'python'
p42
sS'fieldsplit_0_pc_fieldsplit_schur_fact_type'
p43
S'lower'
p44
sS'fieldsplit_1_assembled_telescope_pc_hypre_boomeramg_no_CF'
p45
I01
sS'fieldsplit_0_fieldsplit_1_pcd_Kp_telescope_ksp_pc_hypre_boomeramg_no_CF'
p46
I01
sS'fieldsplit_1_assembled_telescope_mg_levels_pc_type'
p47
S'bjacobi'
p48
sS'fieldsplit_0_fieldsplit_1_pcd_Kp_telescope_ksp_pc_hypre_boomeramg_agg_nl'
p49
I1
sS'pc_type'
p50
S'fieldsplit'
p51
sS'fieldsplit_0_fieldsplit_0_ksp_type'
p52
S'preonly'
p53
sS'fieldsplit_1_assembled_telescope_pc_gamg_sym_graph'
p54
I01
sS'fieldsplit_0_fieldsplit_0_assembled_mat_type'
p55
g31
sS'snes_type'
p56
S'newtonls'
p57
sS'fieldsplit_0_fieldsplit_1_pcd_Kp_telescope_ksp_ksp_type'
p58
g13
sS'pc_fieldsplit_1_fields'
p59
S'2'
sS'fieldsplit_0_fieldsplit_0_pc_python_type'
p60
S'firedrake.AssembledPC'
p61
sS'fieldsplit_0_ksp_gmres_modifiedgramschmidt'
p62
I01
sS'fieldsplit_1_assembled_telescope_pc_hypre_boomeramg_P_max'
p63
I4
sS'fieldsplit_0_fieldsplit_0_assembled_mg_levels_sub_pc_type'
p64
S'ilu'
p65
sS'fieldsplit_0_fieldsplit_0_pc_type'
p66
g42
sS'fieldsplit_0_fieldsplit_1_pcd_Kp_telescope_ksp_ksp_max_it'
p67
I3
sS'fieldsplit_1_ksp_type'
p68
S'gmres'
p69
sS'results-file'
p70
S'results64/rayleigh-benard-weak-3d-64bit-pcd_hypre-fixed-rapr.csv'
p71
sS'fieldsplit_1_assembled_pc_telescope_reduction_factor'
p72
I6
sS'fieldsplit_0_fieldsplit_1_pcd_Kp_telescope_pc_hypre_boomeramg_agg_nl'
p73
I1
sS'fieldsplit_0_pc_type'
p74
g51
sS'fieldsplit_0_fieldsplit_1_pcd_Mp_ksp_max_it'
p75
I2
sS'fieldsplit_1_pc_python_type'
p76
g61
sS'fieldsplit_1_assembled_pc_type'
p77
S'telescope'
p78
sS'fieldsplit_0_fieldsplit_0_assembled_pc_hypre_boomeramg_agg_nl'
p79
I1
sS'fieldsplit_0_fieldsplit_1_pcd_Kp_telescope_pc_hypre_boomeramg_coarsen_type'
p80
g19
sS'mat_type'
p81
g37
sS'fieldsplit_1_ksp_rtol'
p82
F0.0001
sS'fieldsplit_1_assembled_telescope_pc_hypre_boomeramg_coarsen_type'
p83
g19
sS'fieldsplit_1_assembled_telescope_pc_hypre_boomeramg_interp_type'
p84
g22
sS'fieldsplit_0_fieldsplit_1_pcd_Kp_telescope_ksp_pc_hypre_boomeramg_interp_type'
p85
g22
sS'fieldsplit_0_pc_fieldsplit_type'
p86
S'schur'
p87
sS'ksp_type'
p88
S'fgmres'
p89
sS'fieldsplit_0_fieldsplit_1_pcd_Kp_pc_type'
p90
g78
sS'fieldsplit_0_fieldsplit_0_assembled_pc_gamg_sym_graph'
p91
I01
sS'fieldsplit_1_assembled_mat_type'
p92
g31
sS'fieldsplit_0_fieldsplit_0_assembled_pc_type'
p93
g4
sS'ksp_monitor'
p94
I01
sS'fieldsplit_0_fieldsplit_1_pcd_Kp_ksp_type'
p95
g53
sS'pc_fieldsplit_0_fields'
p96
S'0,1'
p97
sS'fieldsplit_0_fieldsplit_1_pcd_Kp_mat_type'
p98
g31
sS'fieldsplit_0_fieldsplit_1_pc_type'
p99
g42
sS'fieldsplit_0_fieldsplit_1_ksp_type'
p100
g53
sS'fieldsplit_0_fieldsplit_0_assembled_mg_levels_pc_type'
p101
g48
sS'fieldsplit_0_ksp_converged_reason'
p102
I01
sS'ksp_converged_reason'
p103
I01
sS'fieldsplit_0_fieldsplit_0_assembled_pc_hypre_boomeramg_agg_num_paths'
p104
I2
sS'fieldsplit_1_assembled_telescope_mg_levels_sub_pc_type'
p105
g65
sS'fieldsplit_0_fieldsplit_1_pcd_Kp_telescope_pc_hypre_boomeramg_agg_num_paths'
p106
I2
sS'fieldsplit_0_fieldsplit_1_pcd_Kp_telescope_pc_hypre_boomeramg_P_max'
p107
I4
sS'fieldsplit_0_fieldsplit_1_pc_python_type'
p108
S'firedrake.PCDPC'
p109
sS'fieldsplit_0_ksp_type'
p110
g69
sS'fieldsplit_0_fieldsplit_0_assembled_pc_hypre_boomeramg_interp_type'
p111
g22
sS'fieldsplit_1_assembled_telescope_pc_hypre_boomeramg_agg_num_paths'
p112
I2
sS'fieldsplit_0_fieldsplit_1_pcd_Kp_telescope_ksp_pc_hypre_boomeramg_coarsen_type'
p113
g19
sS'fieldsplit_1_ksp_converged_reason'
p114
I01
sS'fieldsplit_0_fieldsplit_1_pcd_Mp_pc_type'
p115
S'sor'
p116
sS'dimension'
p117
S'3'
sS'fieldsplit_0_fieldsplit_0_assembled_pc_hypre_boomeramg_no_CF'
p118
I01
s.","cnumpy.core.multiarray
_reconstruct
p1
(cnumpy
ndarray
p2
(I0
tS'b'
tRp3
(I1
(I17
tcnumpy
dtype
p4
(S'i8'
I0
I1
tRp5
(I3
S'<'
NNNI-1
I-1
I0
tbI00
S'\x13\x00\x00\x00\x00\x00\x00\x00\x14\x00\x00\x00\x00\x00\x00\x00\x15\x00\x00\x00\x00\x00\x00\x00\x1c\x00\x00\x00\x00\x00\x00\x00\x1a\x00\x00\x00\x00\x00\x00\x00\x10\x00\x00\x00\x00\x00\x00\x00\x10\x00\x00\x00\x00\x00\x00\x00\x10\x00\x00\x00\x00\x00\x00\x00\x19\x00\x00\x00\x00\x00\x00\x00\x19\x00\x00\x00\x00\x00\x00\x00\x1a\x00\x00\x00\x00\x00\x00\x00\x10\x00\x00\x00\x00\x00\x00\x00\x12\x00\x00\x00\x00\x00\x00\x00\x12\x00\x00\x00\x00\x00\x00\x00\x13\x00\x00\x00\x00\x00\x00\x00\x18\x00\x00\x00\x00\x00\x00\x00\x19\x00\x00\x00\x00\x00\x00\x00'
tb.","cnumpy.core.multiarray
_reconstruct
p1
(cnumpy
ndarray
p2
(I0
tS'b'
tRp3
(I1
(I17
tcnumpy
dtype
p4
(S'i8'
I0
I1
tRp5
(I3
S'<'
NNNI-1
I-1
I0
tbI00
S'\x07\x00\x00\x00\x00\x00\x00\x00\x08\x00\x00\x00\x00\x00\x00\x00\x07\x00\x00\x00\x00\x00\x00\x00\x07\x00\x00\x00\x00\x00\x00\x00\x08\x00\x00\x00\x00\x00\x00\x00\x08\x00\x00\x00\x00\x00\x00\x00\x08\x00\x00\x00\x00\x00\x00\x00\x08\x00\x00\x00\x00\x00\x00\x00\x08\x00\x00\x00\x00\x00\x00\x00\x08\x00\x00\x00\x00\x00\x00\x00\x08\x00\x00\x00\x00\x00\x00\x00\x08\x00\x00\x00\x00\x00\x00\x00\x08\x00\x00\x00\x00\x00\x00\x00\x08\x00\x00\x00\x00\x00\x00\x00\x08\x00\x00\x00\x00\x00\x00\x00\x08\x00\x00\x00\x00\x00\x00\x00\x08\x00\x00\x00\x00\x00\x00\x00'
tb.","cnumpy.core.multiarray
_reconstruct
p1
(cnumpy
ndarray
p2
(I0
tS'b'
tRp3
(I1
(I3
tcnumpy
dtype
p4
(S'i8'
I0
I1
tRp5
(I3
S'<'
NNNI-1
I-1
I0
tbI00
S'\x05\x00\x00\x00\x00\x00\x00\x00\x06\x00\x00\x00\x00\x00\x00\x00\x06\x00\x00\x00\x00\x00\x00\x00'
tb."
0.127473532533,0.00750383113821,55.7754334683,55.2953463706,3.86193675858,56.0455608008,1,3,11657797,"cnumpy.core.multiarray
_reconstruct
p1
(cnumpy
ndarray
p2
(I0
tS'b'
tRp3
(I1
(I20
tcnumpy
dtype
p4
(S'f8'
I0
I1
tRp5
(I3
S'<'
NNNI-1
I-1
I0
tbI00
S'\xb7\xae""\xab:\xb3\xc2?[\xf7\x15\xf5\x9b\xa5\x89?\xc3\xce($\x05\xdfm?I\x953\x95\xd2\x1d""?\x12\xc0\x0b\xc0o\x0b\xd8>\xba\xbb?\xdf\xf4\x16\x87>\xab\xa8l\\5\xed\x10?\xf6C[Z\x8e\xc4\x10?\xe4\xfa\x8d\n]S\t?&\x93\xe2Z[\x80\xd8>\xd8\xbd\xe5\x08\xe6\x89\x8b>R\\m\xef\xaa\x1dA>v{D\xb3\xe0\xe5\xf7=V\x91\x19\xadm\x1dd>3\xd7\xa3\xc33\xd7]>^[\xc5=\x80r=>\xd4\'\xc0"" \xc6\x01>r`\xa3IY!\xc6=\xe6]\x19Ct\xdf\x81=\x7f\'\xd9\xe2\t\xfa1='
tb.",17,"cnumpy.core.multiarray
_reconstruct
p1
(cnumpy
ndarray
p2
(I0
tS'b'
tRp3
(I1
(I4
tcnumpy
dtype
p4
(S'i8'
I0
I1
tRp5
(I3
S'<'
NNNI-1
I-1
I0
tbI00
S'\x00\x00\x00\x00\x00\x00\x00\x00\x05\x00\x00\x00\x00\x00\x00\x00\x06\x00\x00\x00\x00\x00\x00\x00\x06\x00\x00\x00\x00\x00\x00\x00'
tb.",76,Rayleigh-Benard,2633856,384,pcd_mg,"cnumpy.core.multiarray
_reconstruct
p1
(cnumpy
ndarray
p2
(I0
tS'b'
tRp3
(I1
(I4
tcnumpy
dtype
p4
(S'f8'
I0
I1
tRp5
(I3
S'<'
NNNI-1
I-1
I0
tbI00
S'\xb7\xae""\xab:\xb3\xc2?\xab\xa8l\\5\xed\x10?V\x91\x19\xadm\x1dd>\xe6\x12\xaa{\xb4\x112='
tb.",3,"(dp1
S'snes_monitor'
p2
I01
sS'fieldsplit_0_fieldsplit_1_pcd_Kp_telescope_ksp_pc_type'
p3
S'hypre'
p4
sS'fieldsplit_0_fieldsplit_0_assembled_mg_levels_ksp_max_it'
p5
I3
sS'snes_converged_reason'
p6
I01
sS'snes_linesearch_type'
p7
S'basic'
p8
sS'fieldsplit_1_assembled_telescope_mg_levels_ksp_max_it'
p9
I3
sS'fieldsplit_0_fieldsplit_1_pcd_Kp_pc_telescope_reduction_factor'
p10
I6
sS'fieldsplit_0_fieldsplit_1_pcd_Kp_telescope_pc_hypre_boomeramg_no_CF'
p11
I01
sS'fieldsplit_0_fieldsplit_0_assembled_mg_levels_ksp_type'
p12
S'richardson'
p13
sS'parameters'
p14
S'pcd_mg'
p15
sS'fieldsplit_1_assembled_telescope_pc_type'
p16
g4
sS'fieldsplit_0_fieldsplit_1_pcd_Kp_telescope_ksp_pc_hypre_boomeramg_P_max'
p17
I4
sS'fieldsplit_0_fieldsplit_0_assembled_pc_hypre_boomeramg_coarsen_type'
p18
S'HMIS'
p19
sS'fieldsplit_0_ksp_rtol'
p20
F0.01
sS'fieldsplit_0_fieldsplit_1_pcd_Kp_telescope_pc_hypre_boomeramg_interp_type'
p21
S'ext+i'
p22
sS'snes_view'
p23
I01
sS'fieldsplit_0_fieldsplit_1_pcd_Kp_telescope_pc_type'
p24
S'ksp'
p25
sS'pc_fieldsplit_type'
p26
S'multiplicative'
p27
sS'log_view'
p28
S'ascii:results64/rayleigh-benard-pcd_hypre-fixed-rapr-weak-3d-64bit-384.log'
p29
sS'fieldsplit_0_fieldsplit_1_pcd_Mp_mat_type'
p30
S'aij'
p31
sS'fieldsplit_0_fieldsplit_0_assembled_pc_hypre_boomeramg_P_max'
p32
I4
sS'fieldsplit_1_assembled_telescope_mg_levels_ksp_type'
p33
g13
sS'ksp_gmres_modifiedgramschmidt'
p34
I01
sS'fieldsplit_0_fieldsplit_1_pcd_Mp_ksp_type'
p35
g13
sS'fieldsplit_0_fieldsplit_1_pcd_Fp_mat_type'
p36
S'matfree'
p37
sS'fieldsplit_1_assembled_telescope_pc_hypre_boomeramg_agg_nl'
p38
I1
sS'fieldsplit_0_fieldsplit_1_pcd_Kp_telescope_ksp_pc_hypre_boomeramg_agg_num_paths'
p39
I2
sS'snes_rtol'
p40
F1e-08
sS'fieldsplit_1_pc_type'
p41
S'python'
p42
sS'fieldsplit_0_pc_fieldsplit_schur_fact_type'
p43
S'lower'
p44
sS'fieldsplit_1_assembled_telescope_pc_hypre_boomeramg_no_CF'
p45
I01
sS'fieldsplit_0_fieldsplit_1_pcd_Kp_telescope_ksp_pc_hypre_boomeramg_no_CF'
p46
I01
sS'fieldsplit_1_assembled_telescope_mg_levels_pc_type'
p47
S'bjacobi'
p48
sS'fieldsplit_0_fieldsplit_1_pcd_Kp_telescope_ksp_pc_hypre_boomeramg_agg_nl'
p49
I1
sS'pc_type'
p50
S'fieldsplit'
p51
sS'fieldsplit_0_fieldsplit_0_ksp_type'
p52
S'preonly'
p53
sS'fieldsplit_1_assembled_telescope_pc_gamg_sym_graph'
p54
I01
sS'fieldsplit_0_fieldsplit_0_assembled_mat_type'
p55
g31
sS'snes_type'
p56
S'newtonls'
p57
sS'fieldsplit_0_fieldsplit_1_pcd_Kp_telescope_ksp_ksp_type'
p58
g13
sS'pc_fieldsplit_1_fields'
p59
S'2'
sS'fieldsplit_0_fieldsplit_0_pc_python_type'
p60
S'firedrake.AssembledPC'
p61
sS'fieldsplit_0_ksp_gmres_modifiedgramschmidt'
p62
I01
sS'fieldsplit_1_assembled_telescope_pc_hypre_boomeramg_P_max'
p63
I4
sS'fieldsplit_0_fieldsplit_0_assembled_mg_levels_sub_pc_type'
p64
S'ilu'
p65
sS'fieldsplit_0_fieldsplit_0_pc_type'
p66
g42
sS'fieldsplit_0_fieldsplit_1_pcd_Kp_telescope_ksp_ksp_max_it'
p67
I3
sS'fieldsplit_1_ksp_type'
p68
S'gmres'
p69
sS'results-file'
p70
S'results64/rayleigh-benard-weak-3d-64bit-pcd_hypre-fixed-rapr.csv'
p71
sS'fieldsplit_1_assembled_pc_telescope_reduction_factor'
p72
I6
sS'fieldsplit_0_fieldsplit_1_pcd_Kp_telescope_pc_hypre_boomeramg_agg_nl'
p73
I1
sS'fieldsplit_0_pc_type'
p74
g51
sS'fieldsplit_0_fieldsplit_1_pcd_Mp_ksp_max_it'
p75
I2
sS'fieldsplit_1_pc_python_type'
p76
g61
sS'fieldsplit_1_assembled_pc_type'
p77
S'telescope'
p78
sS'fieldsplit_0_fieldsplit_0_assembled_pc_hypre_boomeramg_agg_nl'
p79
I1
sS'fieldsplit_0_fieldsplit_1_pcd_Kp_telescope_pc_hypre_boomeramg_coarsen_type'
p80
g19
sS'mat_type'
p81
g37
sS'fieldsplit_1_ksp_rtol'
p82
F0.0001
sS'fieldsplit_1_assembled_telescope_pc_hypre_boomeramg_coarsen_type'
p83
g19
sS'fieldsplit_1_assembled_telescope_pc_hypre_boomeramg_interp_type'
p84
g22
sS'fieldsplit_0_fieldsplit_1_pcd_Kp_telescope_ksp_pc_hypre_boomeramg_interp_type'
p85
g22
sS'fieldsplit_0_pc_fieldsplit_type'
p86
S'schur'
p87
sS'ksp_type'
p88
S'fgmres'
p89
sS'fieldsplit_0_fieldsplit_1_pcd_Kp_pc_type'
p90
g78
sS'fieldsplit_0_fieldsplit_0_assembled_pc_gamg_sym_graph'
p91
I01
sS'fieldsplit_1_assembled_mat_type'
p92
g31
sS'fieldsplit_0_fieldsplit_0_assembled_pc_type'
p93
g4
sS'ksp_monitor'
p94
I01
sS'fieldsplit_0_fieldsplit_1_pcd_Kp_ksp_type'
p95
g53
sS'pc_fieldsplit_0_fields'
p96
S'0,1'
p97
sS'fieldsplit_0_fieldsplit_1_pcd_Kp_mat_type'
p98
g31
sS'fieldsplit_0_fieldsplit_1_pc_type'
p99
g42
sS'fieldsplit_0_fieldsplit_1_ksp_type'
p100
g53
sS'fieldsplit_0_fieldsplit_0_assembled_mg_levels_pc_type'
p101
g48
sS'fieldsplit_0_ksp_converged_reason'
p102
I01
sS'ksp_converged_reason'
p103
I01
sS'fieldsplit_0_fieldsplit_0_assembled_pc_hypre_boomeramg_agg_num_paths'
p104
I2
sS'fieldsplit_1_assembled_telescope_mg_levels_sub_pc_type'
p105
g65
sS'fieldsplit_0_fieldsplit_1_pcd_Kp_telescope_pc_hypre_boomeramg_agg_num_paths'
p106
I2
sS'fieldsplit_0_fieldsplit_1_pcd_Kp_telescope_pc_hypre_boomeramg_P_max'
p107
I4
sS'fieldsplit_0_fieldsplit_1_pc_python_type'
p108
S'firedrake.PCDPC'
p109
sS'fieldsplit_0_ksp_type'
p110
g69
sS'fieldsplit_0_fieldsplit_0_assembled_pc_hypre_boomeramg_interp_type'
p111
g22
sS'fieldsplit_1_assembled_telescope_pc_hypre_boomeramg_agg_num_paths'
p112
I2
sS'fieldsplit_0_fieldsplit_1_pcd_Kp_telescope_ksp_pc_hypre_boomeramg_coarsen_type'
p113
g19
sS'fieldsplit_1_ksp_converged_reason'
p114
I01
sS'fieldsplit_0_fieldsplit_1_pcd_Mp_pc_type'
p115
S'sor'
p116
sS'dimension'
p117
S'3'
sS'fieldsplit_0_fieldsplit_0_assembled_pc_hypre_boomeramg_no_CF'
p118
I01
s.","cnumpy.core.multiarray
_reconstruct
p1
(cnumpy
ndarray
p2
(I0
tS'b'
tRp3
(I1
(I17
tcnumpy
dtype
p4
(S'i8'
I0
I1
tRp5
(I3
S'<'
NNNI-1
I-1
I0
tbI00
S'\x13\x00\x00\x00\x00\x00\x00\x00\x14\x00\x00\x00\x00\x00\x00\x00\x15\x00\x00\x00\x00\x00\x00\x00\x1c\x00\x00\x00\x00\x00\x00\x00\x1b\x00\x00\x00\x00\x00\x00\x00\x11\x00\x00\x00\x00\x00\x00\x00\x10\x00\x00\x00\x00\x00\x00\x00\x10\x00\x00\x00\x00\x00\x00\x00\x19\x00\x00\x00\x00\x00\x00\x00\x19\x00\x00\x00\x00\x00\x00\x00\x1b\x00\x00\x00\x00\x00\x00\x00\x13\x00\x00\x00\x00\x00\x00\x00\x13\x00\x00\x00\x00\x00\x00\x00\x13\x00\x00\x00\x00\x00\x00\x00\x17\x00\x00\x00\x00\x00\x00\x00\x19\x00\x00\x00\x00\x00\x00\x00\x1b\x00\x00\x00\x00\x00\x00\x00'
tb.","cnumpy.core.multiarray
_reconstruct
p1
(cnumpy
ndarray
p2
(I0
tS'b'
tRp3
(I1
(I17
tcnumpy
dtype
p4
(S'i8'
I0
I1
tRp5
(I3
S'<'
NNNI-1
I-1
I0
tbI00
S'\x07\x00\x00\x00\x00\x00\x00\x00\t\x00\x00\x00\x00\x00\x00\x00\x08\x00\x00\x00\x00\x00\x00\x00\x08\x00\x00\x00\x00\x00\x00\x00\t\x00\x00\x00\x00\x00\x00\x00\x08\x00\x00\x00\x00\x00\x00\x00\x08\x00\x00\x00\x00\x00\x00\x00\x08\x00\x00\x00\x00\x00\x00\x00\x08\x00\x00\x00\x00\x00\x00\x00\x08\x00\x00\x00\x00\x00\x00\x00\x08\x00\x00\x00\x00\x00\x00\x00\x08\x00\x00\x00\x00\x00\x00\x00\x08\x00\x00\x00\x00\x00\x00\x00\x08\x00\x00\x00\x00\x00\x00\x00\x08\x00\x00\x00\x00\x00\x00\x00\x08\x00\x00\x00\x00\x00\x00\x00\x08\x00\x00\x00\x00\x00\x00\x00'
tb.","cnumpy.core.multiarray
_reconstruct
p1
(cnumpy
ndarray
p2
(I0
tS'b'
tRp3
(I1
(I3
tcnumpy
dtype
p4
(S'i8'
I0
I1
tRp5
(I3
S'<'
NNNI-1
I-1
I0
tbI00
S'\x05\x00\x00\x00\x00\x00\x00\x00\x06\x00\x00\x00\x00\x00\x00\x00\x06\x00\x00\x00\x00\x00\x00\x00'
tb."
0.0835564108565,0.00726355736454,64.6960137949,64.0910243373,4.06366619778,64.9151121865,1,3,23392517,"cnumpy.core.multiarray
_reconstruct
p1
(cnumpy
ndarray
p2
(I0
tS'b'
tRp3
(I1
(I20
tcnumpy
dtype
p4
(S'f8'
I0
I1
tRp5
(I3
S'<'
NNNI-1
I-1
I0
tbI00
S""(\xb4\x86W\xc5\xb9\xc2?b1\xf5\xc2\x8a/\x82?\xf2\xf1'B4\xc3g?\xc6\xdfI\xa2\x04\x0e\x1f?y\xbev\xec\xb6Y\xd1>\xb6\xbb\xf9MO#\x8f>\xa8\x93L\xbf$\xdb\x07?\xa6\x051\xa6\x08\xa2\x07?\x9f\xdd\xfd,}\xa6\xfd>\x1b\x9b\xcd\xb6\xdc\xfc\xc5>]\xcdd\x0f]&~>\xb2l:U\x89Q4>\xaa\xda\x88'\x83\x92\xf0=\xd9\xd5\xda\x8e\xfda\\>\xaa\xca\xb5b\xcc\x13U> {\xe6\x8f\xa6\x0f:>O\x99\x10\xd9U\xc8\x02>\xeeS\xb5K\x1dz\xc0=>\xcfcH\xfc\x15\x8b=N\x9c2Q\xddnD=""
tb.",17,"cnumpy.core.multiarray
_reconstruct
p1
(cnumpy
ndarray
p2
(I0
tS'b'
tRp3
(I1
(I4
tcnumpy
dtype
p4
(S'i8'
I0
I1
tRp5
(I3
S'<'
NNNI-1
I-1
I0
tbI00
S'\x00\x00\x00\x00\x00\x00\x00\x00\x05\x00\x00\x00\x00\x00\x00\x00\x06\x00\x00\x00\x00\x00\x00\x00\x06\x00\x00\x00\x00\x00\x00\x00'
tb.",96,Rayleigh-Benard,5308416,768,pcd_mg,"cnumpy.core.multiarray
_reconstruct
p1
(cnumpy
ndarray
p2
(I0
tS'b'
tRp3
(I1
(I4
tcnumpy
dtype
p4
(S'f8'
I0
I1
tRp5
(I3
S'<'
NNNI-1
I-1
I0
tbI00
S'(\xb4\x86W\xc5\xb9\xc2?\xa8\x93L\xbf$\xdb\x07?\xd9\xd5\xda\x8e\xfda\\>\x85;\x07\x17\xcaqD='
tb.",3,"(dp1
S'snes_monitor'
p2
I01
sS'fieldsplit_0_fieldsplit_1_pcd_Kp_telescope_ksp_pc_type'
p3
S'hypre'
p4
sS'fieldsplit_0_fieldsplit_0_assembled_mg_levels_ksp_max_it'
p5
I3
sS'snes_converged_reason'
p6
I01
sS'snes_linesearch_type'
p7
S'basic'
p8
sS'fieldsplit_1_assembled_telescope_mg_levels_ksp_max_it'
p9
I3
sS'fieldsplit_0_fieldsplit_1_pcd_Kp_pc_telescope_reduction_factor'
p10
I6
sS'fieldsplit_0_fieldsplit_1_pcd_Kp_telescope_pc_hypre_boomeramg_no_CF'
p11
I01
sS'fieldsplit_0_fieldsplit_0_assembled_mg_levels_ksp_type'
p12
S'richardson'
p13
sS'parameters'
p14
S'pcd_mg'
p15
sS'fieldsplit_1_assembled_telescope_pc_type'
p16
g4
sS'fieldsplit_0_fieldsplit_1_pcd_Kp_telescope_ksp_pc_hypre_boomeramg_P_max'
p17
I4
sS'fieldsplit_0_fieldsplit_0_assembled_pc_hypre_boomeramg_coarsen_type'
p18
S'HMIS'
p19
sS'fieldsplit_0_ksp_rtol'
p20
F0.01
sS'fieldsplit_0_fieldsplit_1_pcd_Kp_telescope_pc_hypre_boomeramg_interp_type'
p21
S'ext+i'
p22
sS'snes_view'
p23
I01
sS'fieldsplit_0_fieldsplit_1_pcd_Kp_telescope_pc_type'
p24
S'ksp'
p25
sS'pc_fieldsplit_type'
p26
S'multiplicative'
p27
sS'log_view'
p28
S'ascii:results64/rayleigh-benard-pcd_hypre-fixed-rapr-weak-3d-64bit-768.log'
p29
sS'fieldsplit_0_fieldsplit_1_pcd_Mp_mat_type'
p30
S'aij'
p31
sS'fieldsplit_0_fieldsplit_0_assembled_pc_hypre_boomeramg_P_max'
p32
I4
sS'fieldsplit_1_assembled_telescope_mg_levels_ksp_type'
p33
g13
sS'ksp_gmres_modifiedgramschmidt'
p34
I01
sS'fieldsplit_0_fieldsplit_1_pcd_Mp_ksp_type'
p35
g13
sS'fieldsplit_0_fieldsplit_1_pcd_Fp_mat_type'
p36
S'matfree'
p37
sS'fieldsplit_1_assembled_telescope_pc_hypre_boomeramg_agg_nl'
p38
I1
sS'fieldsplit_0_fieldsplit_1_pcd_Kp_telescope_ksp_pc_hypre_boomeramg_agg_num_paths'
p39
I2
sS'snes_rtol'
p40
F1e-08
sS'fieldsplit_1_pc_type'
p41
S'python'
p42
sS'fieldsplit_0_pc_fieldsplit_schur_fact_type'
p43
S'lower'
p44
sS'fieldsplit_1_assembled_telescope_pc_hypre_boomeramg_no_CF'
p45
I01
sS'fieldsplit_0_fieldsplit_1_pcd_Kp_telescope_ksp_pc_hypre_boomeramg_no_CF'
p46
I01
sS'fieldsplit_1_assembled_telescope_mg_levels_pc_type'
p47
S'bjacobi'
p48
sS'fieldsplit_0_fieldsplit_1_pcd_Kp_telescope_ksp_pc_hypre_boomeramg_agg_nl'
p49
I1
sS'pc_type'
p50
S'fieldsplit'
p51
sS'fieldsplit_0_fieldsplit_0_ksp_type'
p52
S'preonly'
p53
sS'fieldsplit_1_assembled_telescope_pc_gamg_sym_graph'
p54
I01
sS'fieldsplit_0_fieldsplit_0_assembled_mat_type'
p55
g31
sS'snes_type'
p56
S'newtonls'
p57
sS'fieldsplit_0_fieldsplit_1_pcd_Kp_telescope_ksp_ksp_type'
p58
g13
sS'pc_fieldsplit_1_fields'
p59
S'2'
sS'fieldsplit_0_fieldsplit_0_pc_python_type'
p60
S'firedrake.AssembledPC'
p61
sS'fieldsplit_0_ksp_gmres_modifiedgramschmidt'
p62
I01
sS'fieldsplit_1_assembled_telescope_pc_hypre_boomeramg_P_max'
p63
I4
sS'fieldsplit_0_fieldsplit_0_assembled_mg_levels_sub_pc_type'
p64
S'ilu'
p65
sS'fieldsplit_0_fieldsplit_0_pc_type'
p66
g42
sS'fieldsplit_0_fieldsplit_1_pcd_Kp_telescope_ksp_ksp_max_it'
p67
I3
sS'fieldsplit_1_ksp_type'
p68
S'gmres'
p69
sS'results-file'
p70
S'results64/rayleigh-benard-weak-3d-64bit-pcd_hypre-fixed-rapr.csv'
p71
sS'fieldsplit_1_assembled_pc_telescope_reduction_factor'
p72
I6
sS'fieldsplit_0_fieldsplit_1_pcd_Kp_telescope_pc_hypre_boomeramg_agg_nl'
p73
I1
sS'fieldsplit_0_pc_type'
p74
g51
sS'fieldsplit_0_fieldsplit_1_pcd_Mp_ksp_max_it'
p75
I2
sS'fieldsplit_1_pc_python_type'
p76
g61
sS'fieldsplit_1_assembled_pc_type'
p77
S'telescope'
p78
sS'fieldsplit_0_fieldsplit_0_assembled_pc_hypre_boomeramg_agg_nl'
p79
I1
sS'fieldsplit_0_fieldsplit_1_pcd_Kp_telescope_pc_hypre_boomeramg_coarsen_type'
p80
g19
sS'mat_type'
p81
g37
sS'fieldsplit_1_ksp_rtol'
p82
F0.0001
sS'fieldsplit_1_assembled_telescope_pc_hypre_boomeramg_coarsen_type'
p83
g19
sS'fieldsplit_1_assembled_telescope_pc_hypre_boomeramg_interp_type'
p84
g22
sS'fieldsplit_0_fieldsplit_1_pcd_Kp_telescope_ksp_pc_hypre_boomeramg_interp_type'
p85
g22
sS'fieldsplit_0_pc_fieldsplit_type'
p86
S'schur'
p87
sS'ksp_type'
p88
S'fgmres'
p89
sS'fieldsplit_0_fieldsplit_1_pcd_Kp_pc_type'
p90
g78
sS'fieldsplit_0_fieldsplit_0_assembled_pc_gamg_sym_graph'
p91
I01
sS'fieldsplit_1_assembled_mat_type'
p92
g31
sS'fieldsplit_0_fieldsplit_0_assembled_pc_type'
p93
g4
sS'ksp_monitor'
p94
I01
sS'fieldsplit_0_fieldsplit_1_pcd_Kp_ksp_type'
p95
g53
sS'pc_fieldsplit_0_fields'
p96
S'0,1'
p97
sS'fieldsplit_0_fieldsplit_1_pcd_Kp_mat_type'
p98
g31
sS'fieldsplit_0_fieldsplit_1_pc_type'
p99
g42
sS'fieldsplit_0_fieldsplit_1_ksp_type'
p100
g53
sS'fieldsplit_0_fieldsplit_0_assembled_mg_levels_pc_type'
p101
g48
sS'fieldsplit_0_ksp_converged_reason'
p102
I01
sS'ksp_converged_reason'
p103
I01
sS'fieldsplit_0_fieldsplit_0_assembled_pc_hypre_boomeramg_agg_num_paths'
p104
I2
sS'fieldsplit_1_assembled_telescope_mg_levels_sub_pc_type'
p105
g65
sS'fieldsplit_0_fieldsplit_1_pcd_Kp_telescope_pc_hypre_boomeramg_agg_num_paths'
p106
I2
sS'fieldsplit_0_fieldsplit_1_pcd_Kp_telescope_pc_hypre_boomeramg_P_max'
p107
I4
sS'fieldsplit_0_fieldsplit_1_pc_python_type'
p108
S'firedrake.PCDPC'
p109
sS'fieldsplit_0_ksp_type'
p110
g69
sS'fieldsplit_0_fieldsplit_0_assembled_pc_hypre_boomeramg_interp_type'
p111
g22
sS'fieldsplit_1_assembled_telescope_pc_hypre_boomeramg_agg_num_paths'
p112
I2
sS'fieldsplit_0_fieldsplit_1_pcd_Kp_telescope_ksp_pc_hypre_boomeramg_coarsen_type'
p113
g19
sS'fieldsplit_1_ksp_converged_reason'
p114
I01
sS'fieldsplit_0_fieldsplit_1_pcd_Mp_pc_type'
p115
S'sor'
p116
sS'dimension'
p117
S'3'
sS'fieldsplit_0_fieldsplit_0_assembled_pc_hypre_boomeramg_no_CF'
p118
I01
s.","cnumpy.core.multiarray
_reconstruct
p1
(cnumpy
ndarray
p2
(I0
tS'b'
tRp3
(I1
(I17
tcnumpy
dtype
p4
(S'i8'
I0
I1
tRp5
(I3
S'<'
NNNI-1
I-1
I0
tbI00
S'\x13\x00\x00\x00\x00\x00\x00\x00\x15\x00\x00\x00\x00\x00\x00\x00\x16\x00\x00\x00\x00\x00\x00\x00\x1b\x00\x00\x00\x00\x00\x00\x00\x1e\x00\x00\x00\x00\x00\x00\x00\x11\x00\x00\x00\x00\x00\x00\x00\x11\x00\x00\x00\x00\x00\x00\x00\x14\x00\x00\x00\x00\x00\x00\x00\x17\x00\x00\x00\x00\x00\x00\x00\x1c\x00\x00\x00\x00\x00\x00\x00\x19\x00\x00\x00\x00\x00\x00\x00\x12\x00\x00\x00\x00\x00\x00\x00\x13\x00\x00\x00\x00\x00\x00\x00\x13\x00\x00\x00\x00\x00\x00\x00\x16\x00\x00\x00\x00\x00\x00\x00\x18\x00\x00\x00\x00\x00\x00\x00\x1b\x00\x00\x00\x00\x00\x00\x00'
tb.","cnumpy.core.multiarray
_reconstruct
p1
(cnumpy
ndarray
p2
(I0
tS'b'
tRp3
(I1
(I17
tcnumpy
dtype
p4
(S'i8'
I0
I1
tRp5
(I3
S'<'
NNNI-1
I-1
I0
tbI00
S'\x07\x00\x00\x00\x00\x00\x00\x00\t\x00\x00\x00\x00\x00\x00\x00\x08\x00\x00\x00\x00\x00\x00\x00\x08\x00\x00\x00\x00\x00\x00\x00\t\x00\x00\x00\x00\x00\x00\x00\x08\x00\x00\x00\x00\x00\x00\x00\x08\x00\x00\x00\x00\x00\x00\x00\x08\x00\x00\x00\x00\x00\x00\x00\x08\x00\x00\x00\x00\x00\x00\x00\x08\x00\x00\x00\x00\x00\x00\x00\x08\x00\x00\x00\x00\x00\x00\x00\t\x00\x00\x00\x00\x00\x00\x00\x08\x00\x00\x00\x00\x00\x00\x00\x08\x00\x00\x00\x00\x00\x00\x00\x08\x00\x00\x00\x00\x00\x00\x00\t\x00\x00\x00\x00\x00\x00\x00\x08\x00\x00\x00\x00\x00\x00\x00'
tb.","cnumpy.core.multiarray
_reconstruct
p1
(cnumpy
ndarray
p2
(I0
tS'b'
tRp3
(I1
(I3
tcnumpy
dtype
p4
(S'i8'
I0
I1
tRp5
(I3
S'<'
NNNI-1
I-1
I0
tbI00
S'\x05\x00\x00\x00\x00\x00\x00\x00\x06\x00\x00\x00\x00\x00\x00\x00\x06\x00\x00\x00\x00\x00\x00\x00'
tb."
0.082468672966,0.00907094916329,84.9487282732,84.0871493109,4.59015977305,85.2142966328,1,3,45535685,"cnumpy.core.multiarray
_reconstruct
p1
(cnumpy
ndarray
p2
(I0
tS'b'
tRp3
(I1
(I21
tcnumpy
dtype
p4
(S'f8'
I0
I1
tRp5
(I3
S'<'
NNNI-1
I-1
I0
tbI00
S""\x83\x9a\x14\xf0\xc3\xbe\xc2?\xb6A\x19i\x03%z?by\xa2\x0c\xc4\xb9d?\xf0\xa27\xb8\xb2`\x1f?e\\@\xf5\xa2\xeb\xd7>\x9c\xc0\xe0\x08\x90\xae\x83>k\x19\x12\xd2\x08\x13\x01?\x9a\x01\xe0D\xa4\xea\x00?\x9d\xc7f\x08$}\xfc>\xbdwt\xf3\x00\xca\xbe>\xbc\xda\xf2\xd0\xf0z\x86>\x04\xe7\x08|d\x8a6>\x04\x832\xceY\x04\x02>\xa2\xcfU\x8eu(\xc2= \x90\xfe\xa4\xd4ST>\x9bD\x94\xa7\x954N>\xc3\xb8C?\xa5\xbf7>\xeb\xd0\x9cj\x7f\xbc\x05>\xff\x84\x97\xaf'S\xc9=\xbf\x06\xbf7^K\x80=\xef\xf5RctOH=""
tb.",18,"cnumpy.core.multiarray
_reconstruct
p1
(cnumpy
ndarray
p2
(I0
tS'b'
tRp3
(I1
(I4
tcnumpy
dtype
p4
(S'i8'
I0
I1
tRp5
(I3
S'<'
NNNI-1
I-1
I0
tbI00
S'\x00\x00\x00\x00\x00\x00\x00\x00\x05\x00\x00\x00\x00\x00\x00\x00\x07\x00\x00\x00\x00\x00\x00\x00\x06\x00\x00\x00\x00\x00\x00\x00'
tb.",120,Rayleigh-Benard,10368000,1536,pcd_mg,"cnumpy.core.multiarray
_reconstruct
p1
(cnumpy
ndarray
p2
(I0
tS'b'
tRp3
(I1
(I4
tcnumpy
dtype
p4
(S'f8'
I0
I1
tRp5
(I3
S'<'
NNNI-1
I-1
I0
tbI00
S'\x83\x9a\x14\xf0\xc3\xbe\xc2?k\x19\x12\xd2\x08\x13\x01? \x90\xfe\xa4\xd4ST>H\xce\xba>\xc6PH='
tb.",3,"(dp1
S'snes_monitor'
p2
I01
sS'fieldsplit_0_fieldsplit_1_pcd_Kp_telescope_ksp_pc_type'
p3
S'hypre'
p4
sS'fieldsplit_0_fieldsplit_0_assembled_mg_levels_ksp_max_it'
p5
I3
sS'snes_converged_reason'
p6
I01
sS'snes_linesearch_type'
p7
S'basic'
p8
sS'fieldsplit_1_assembled_telescope_mg_levels_ksp_max_it'
p9
I3
sS'fieldsplit_0_fieldsplit_1_pcd_Kp_pc_telescope_reduction_factor'
p10
I6
sS'fieldsplit_0_fieldsplit_1_pcd_Kp_telescope_pc_hypre_boomeramg_no_CF'
p11
I01
sS'fieldsplit_0_fieldsplit_0_assembled_mg_levels_ksp_type'
p12
S'richardson'
p13
sS'parameters'
p14
S'pcd_mg'
p15
sS'fieldsplit_1_assembled_telescope_pc_type'
p16
g4
sS'fieldsplit_0_fieldsplit_1_pcd_Kp_telescope_ksp_pc_hypre_boomeramg_P_max'
p17
I4
sS'fieldsplit_0_fieldsplit_0_assembled_pc_hypre_boomeramg_coarsen_type'
p18
S'HMIS'
p19
sS'fieldsplit_0_ksp_rtol'
p20
F0.01
sS'fieldsplit_0_fieldsplit_1_pcd_Kp_telescope_pc_hypre_boomeramg_interp_type'
p21
S'ext+i'
p22
sS'snes_view'
p23
I01
sS'fieldsplit_0_fieldsplit_1_pcd_Kp_telescope_pc_type'
p24
S'ksp'
p25
sS'pc_fieldsplit_type'
p26
S'multiplicative'
p27
sS'log_view'
p28
S'ascii:results64/rayleigh-benard-pcd_hypre-fixed-rapr-weak-3d-64bit-1536.log'
p29
sS'fieldsplit_0_fieldsplit_1_pcd_Mp_mat_type'
p30
S'aij'
p31
sS'fieldsplit_0_fieldsplit_0_assembled_pc_hypre_boomeramg_P_max'
p32
I4
sS'fieldsplit_1_assembled_telescope_mg_levels_ksp_type'
p33
g13
sS'ksp_gmres_modifiedgramschmidt'
p34
I01
sS'fieldsplit_0_fieldsplit_1_pcd_Mp_ksp_type'
p35
g13
sS'fieldsplit_0_fieldsplit_1_pcd_Fp_mat_type'
p36
S'matfree'
p37
sS'fieldsplit_1_assembled_telescope_pc_hypre_boomeramg_agg_nl'
p38
I1
sS'fieldsplit_0_fieldsplit_1_pcd_Kp_telescope_ksp_pc_hypre_boomeramg_agg_num_paths'
p39
I2
sS'snes_rtol'
p40
F1e-08
sS'fieldsplit_1_pc_type'
p41
S'python'
p42
sS'fieldsplit_0_pc_fieldsplit_schur_fact_type'
p43
S'lower'
p44
sS'fieldsplit_1_assembled_telescope_pc_hypre_boomeramg_no_CF'
p45
I01
sS'fieldsplit_0_fieldsplit_1_pcd_Kp_telescope_ksp_pc_hypre_boomeramg_no_CF'
p46
I01
sS'fieldsplit_1_assembled_telescope_mg_levels_pc_type'
p47
S'bjacobi'
p48
sS'fieldsplit_0_fieldsplit_1_pcd_Kp_telescope_ksp_pc_hypre_boomeramg_agg_nl'
p49
I1
sS'pc_type'
p50
S'fieldsplit'
p51
sS'fieldsplit_0_fieldsplit_0_ksp_type'
p52
S'preonly'
p53
sS'fieldsplit_1_assembled_telescope_pc_gamg_sym_graph'
p54
I01
sS'fieldsplit_0_fieldsplit_0_assembled_mat_type'
p55
g31
sS'snes_type'
p56
S'newtonls'
p57
sS'fieldsplit_0_fieldsplit_1_pcd_Kp_telescope_ksp_ksp_type'
p58
g13
sS'pc_fieldsplit_1_fields'
p59
S'2'
sS'fieldsplit_0_fieldsplit_0_pc_python_type'
p60
S'firedrake.AssembledPC'
p61
sS'fieldsplit_0_ksp_gmres_modifiedgramschmidt'
p62
I01
sS'fieldsplit_1_assembled_telescope_pc_hypre_boomeramg_P_max'
p63
I4
sS'fieldsplit_0_fieldsplit_0_assembled_mg_levels_sub_pc_type'
p64
S'ilu'
p65
sS'fieldsplit_0_fieldsplit_0_pc_type'
p66
g42
sS'fieldsplit_0_fieldsplit_1_pcd_Kp_telescope_ksp_ksp_max_it'
p67
I3
sS'fieldsplit_1_ksp_type'
p68
S'gmres'
p69
sS'results-file'
p70
S'results64/rayleigh-benard-weak-3d-64bit-pcd_hypre-fixed-rapr.csv'
p71
sS'fieldsplit_1_assembled_pc_telescope_reduction_factor'
p72
I6
sS'fieldsplit_0_fieldsplit_1_pcd_Kp_telescope_pc_hypre_boomeramg_agg_nl'
p73
I1
sS'fieldsplit_0_pc_type'
p74
g51
sS'fieldsplit_0_fieldsplit_1_pcd_Mp_ksp_max_it'
p75
I2
sS'fieldsplit_1_pc_python_type'
p76
g61
sS'fieldsplit_1_assembled_pc_type'
p77
S'telescope'
p78
sS'fieldsplit_0_fieldsplit_0_assembled_pc_hypre_boomeramg_agg_nl'
p79
I1
sS'fieldsplit_0_fieldsplit_1_pcd_Kp_telescope_pc_hypre_boomeramg_coarsen_type'
p80
g19
sS'mat_type'
p81
g37
sS'fieldsplit_1_ksp_rtol'
p82
F0.0001
sS'fieldsplit_1_assembled_telescope_pc_hypre_boomeramg_coarsen_type'
p83
g19
sS'fieldsplit_1_assembled_telescope_pc_hypre_boomeramg_interp_type'
p84
g22
sS'fieldsplit_0_fieldsplit_1_pcd_Kp_telescope_ksp_pc_hypre_boomeramg_interp_type'
p85
g22
sS'fieldsplit_0_pc_fieldsplit_type'
p86
S'schur'
p87
sS'ksp_type'
p88
S'fgmres'
p89
sS'fieldsplit_0_fieldsplit_1_pcd_Kp_pc_type'
p90
g78
sS'fieldsplit_0_fieldsplit_0_assembled_pc_gamg_sym_graph'
p91
I01
sS'fieldsplit_1_assembled_mat_type'
p92
g31
sS'fieldsplit_0_fieldsplit_0_assembled_pc_type'
p93
g4
sS'ksp_monitor'
p94
I01
sS'fieldsplit_0_fieldsplit_1_pcd_Kp_ksp_type'
p95
g53
sS'pc_fieldsplit_0_fields'
p96
S'0,1'
p97
sS'fieldsplit_0_fieldsplit_1_pcd_Kp_mat_type'
p98
g31
sS'fieldsplit_0_fieldsplit_1_pc_type'
p99
g42
sS'fieldsplit_0_fieldsplit_1_ksp_type'
p100
g53
sS'fieldsplit_0_fieldsplit_0_assembled_mg_levels_pc_type'
p101
g48
sS'fieldsplit_0_ksp_converged_reason'
p102
I01
sS'ksp_converged_reason'
p103
I01
sS'fieldsplit_0_fieldsplit_0_assembled_pc_hypre_boomeramg_agg_num_paths'
p104
I2
sS'fieldsplit_1_assembled_telescope_mg_levels_sub_pc_type'
p105
g65
sS'fieldsplit_0_fieldsplit_1_pcd_Kp_telescope_pc_hypre_boomeramg_agg_num_paths'
p106
I2
sS'fieldsplit_0_fieldsplit_1_pcd_Kp_telescope_pc_hypre_boomeramg_P_max'
p107
I4
sS'fieldsplit_0_fieldsplit_1_pc_python_type'
p108
S'firedrake.PCDPC'
p109
sS'fieldsplit_0_ksp_type'
p110
g69
sS'fieldsplit_0_fieldsplit_0_assembled_pc_hypre_boomeramg_interp_type'
p111
g22
sS'fieldsplit_1_assembled_telescope_pc_hypre_boomeramg_agg_num_paths'
p112
I2
sS'fieldsplit_0_fieldsplit_1_pcd_Kp_telescope_ksp_pc_hypre_boomeramg_coarsen_type'
p113
g19
sS'fieldsplit_1_ksp_converged_reason'
p114
I01
sS'fieldsplit_0_fieldsplit_1_pcd_Mp_pc_type'
p115
S'sor'
p116
sS'dimension'
p117
S'3'
sS'fieldsplit_0_fieldsplit_0_assembled_pc_hypre_boomeramg_no_CF'
p118
I01
s.","cnumpy.core.multiarray
_reconstruct
p1
(cnumpy
ndarray
p2
(I0
tS'b'
tRp3
(I1
(I18
tcnumpy
dtype
p4
(S'i8'
I0
I1
tRp5
(I3
S'<'
NNNI-1
I-1
I0
tbI00
S'\x14\x00\x00\x00\x00\x00\x00\x00\x16\x00\x00\x00\x00\x00\x00\x00\x15\x00\x00\x00\x00\x00\x00\x00\x1c\x00\x00\x00\x00\x00\x00\x00\x1b\x00\x00\x00\x00\x00\x00\x00\x12\x00\x00\x00\x00\x00\x00\x00\x12\x00\x00\x00\x00\x00\x00\x00\x11\x00\x00\x00\x00\x00\x00\x00\x1a\x00\x00\x00\x00\x00\x00\x00\x19\x00\x00\x00\x00\x00\x00\x00\x1c\x00\x00\x00\x00\x00\x00\x00\x1d\x00\x00\x00\x00\x00\x00\x00\x12\x00\x00\x00\x00\x00\x00\x00\x14\x00\x00\x00\x00\x00\x00\x00\x14\x00\x00\x00\x00\x00\x00\x00\x12\x00\x00\x00\x00\x00\x00\x00\x16\x00\x00\x00\x00\x00\x00\x00\x1a\x00\x00\x00\x00\x00\x00\x00'
tb.","cnumpy.core.multiarray
_reconstruct
p1
(cnumpy
ndarray
p2
(I0
tS'b'
tRp3
(I1
(I18
tcnumpy
dtype
p4
(S'i8'
I0
I1
tRp5
(I3
S'<'
NNNI-1
I-1
I0
tbI00
S'\x07\x00\x00\x00\x00\x00\x00\x00\t\x00\x00\x00\x00\x00\x00\x00\t\x00\x00\x00\x00\x00\x00\x00\n\x00\x00\x00\x00\x00\x00\x00\t\x00\x00\x00\x00\x00\x00\x00\x08\x00\x00\x00\x00\x00\x00\x00\x08\x00\x00\x00\x00\x00\x00\x00\x08\x00\x00\x00\x00\x00\x00\x00\x08\x00\x00\x00\x00\x00\x00\x00\x08\x00\x00\x00\x00\x00\x00\x00\x08\x00\x00\x00\x00\x00\x00\x00\x08\x00\x00\x00\x00\x00\x00\x00\t\x00\x00\x00\x00\x00\x00\x00\x08\x00\x00\x00\x00\x00\x00\x00\x08\x00\x00\x00\x00\x00\x00\x00\t\x00\x00\x00\x00\x00\x00\x00\x08\x00\x00\x00\x00\x00\x00\x00\t\x00\x00\x00\x00\x00\x00\x00'
tb.","cnumpy.core.multiarray
_reconstruct
p1
(cnumpy
ndarray
p2
(I0
tS'b'
tRp3
(I1
(I3
tcnumpy
dtype
p4
(S'i8'
I0
I1
tRp5
(I3
S'<'
NNNI-1
I-1
I0
tbI00
S'\x05\x00\x00\x00\x00\x00\x00\x00\x07\x00\x00\x00\x00\x00\x00\x00\x06\x00\x00\x00\x00\x00\x00\x00'
tb."
0.1791,0.0135296549027,119.954555798,118.820811879,5.43426738035,120.333969475,1,3,92281029,"cnumpy.core.multiarray
_reconstruct
p1
(cnumpy
ndarray
p2
(I0
tS'b'
tRp3
(I1
(I21
tcnumpy
dtype
p4
(S'f8'
I0
I1
tRp5
(I3
S'<'
NNNI-1
I-1
I0
tbI00
S'\xaf/j*\xfb\xc2\xc2?6\xff\x1d\x15\x1air?m]T\xc1\xb0\xe9`?v!\x81<\xe5\xc91?\x9c[\xc70\xe3}\xe3>\x9e\x14oa_=s>\xcb\xfc\x87\xc7J\xf5\xf7>\x86Z\x8d\xe8\xd6\xbc\xf7>G\xfaZm\t\xe5\xf5>\xd8\xa2\x10\x1d{\xde\xdd>\xe9\x00\xfdk;\x8a\x94>6\xbc\x90\x0e\xce\xb3P>\x9c\xd8u]\xf9\xee\x15>\x99X\xf3\r\xfa\x8b\xce=\xd4\xf17v\xb8\x88L>\x10y\xfe\x92\xb65E>DI\x82\x05\xda\xd72>NJC\r\xd9_\xf9=\x93%#\x96\xa44\xa9=*D\xee)>\x87o=[\xe1\x8f\xd8Q\xf24='
tb.",18,"cnumpy.core.multiarray
_reconstruct
p1
(cnumpy
ndarray
p2
(I0
tS'b'
tRp3
(I1
(I4
tcnumpy
dtype
p4
(S'i8'
I0
I1
tRp5
(I3
S'<'
NNNI-1
I-1
I0
tbI00
S'\x00\x00\x00\x00\x00\x00\x00\x00\x05\x00\x00\x00\x00\x00\x00\x00\x07\x00\x00\x00\x00\x00\x00\x00\x06\x00\x00\x00\x00\x00\x00\x00'
tb.",152,Rayleigh-Benard,21070848,3072,pcd_mg,"cnumpy.core.multiarray
_reconstruct
p1
(cnumpy
ndarray
p2
(I0
tS'b'
tRp3
(I1
(I4
tcnumpy
dtype
p4
(S'f8'
I0
I1
tRp5
(I3
S'<'
NNNI-1
I-1
I0
tbI00
S'\xaf/j*\xfb\xc2\xc2?\xcb\xfc\x87\xc7J\xf5\xf7>\xd4\xf17v\xb8\x88L>\xb9\xaeX\x98\x17\xf44='
tb.",3,"(dp1
S'snes_monitor'
p2
I01
sS'fieldsplit_0_fieldsplit_1_pcd_Kp_telescope_ksp_pc_type'
p3
S'hypre'
p4
sS'fieldsplit_0_fieldsplit_0_assembled_mg_levels_ksp_max_it'
p5
I3
sS'snes_converged_reason'
p6
I01
sS'snes_linesearch_type'
p7
S'basic'
p8
sS'fieldsplit_1_assembled_telescope_mg_levels_ksp_max_it'
p9
I3
sS'fieldsplit_0_fieldsplit_1_pcd_Kp_pc_telescope_reduction_factor'
p10
I6
sS'fieldsplit_0_fieldsplit_1_pcd_Kp_telescope_pc_hypre_boomeramg_no_CF'
p11
I01
sS'fieldsplit_0_fieldsplit_0_assembled_mg_levels_ksp_type'
p12
S'richardson'
p13
sS'parameters'
p14
S'pcd_mg'
p15
sS'fieldsplit_1_assembled_telescope_pc_type'
p16
g4
sS'fieldsplit_0_fieldsplit_1_pcd_Kp_telescope_ksp_pc_hypre_boomeramg_P_max'
p17
I4
sS'fieldsplit_0_fieldsplit_0_assembled_pc_hypre_boomeramg_coarsen_type'
p18
S'HMIS'
p19
sS'fieldsplit_0_ksp_rtol'
p20
F0.01
sS'fieldsplit_0_fieldsplit_1_pcd_Kp_telescope_pc_hypre_boomeramg_interp_type'
p21
S'ext+i'
p22
sS'snes_view'
p23
I01
sS'fieldsplit_0_fieldsplit_1_pcd_Kp_telescope_pc_type'
p24
S'ksp'
p25
sS'pc_fieldsplit_type'
p26
S'multiplicative'
p27
sS'log_view'
p28
S'ascii:results64/rayleigh-benard-pcd_hypre-fixed-rapr-weak-3d-64bit-3072.log'
p29
sS'fieldsplit_0_fieldsplit_1_pcd_Mp_mat_type'
p30
S'aij'
p31
sS'fieldsplit_0_fieldsplit_0_assembled_pc_hypre_boomeramg_P_max'
p32
I4
sS'fieldsplit_1_assembled_telescope_mg_levels_ksp_type'
p33
g13
sS'ksp_gmres_modifiedgramschmidt'
p34
I01
sS'fieldsplit_0_fieldsplit_1_pcd_Mp_ksp_type'
p35
g13
sS'fieldsplit_0_fieldsplit_1_pcd_Fp_mat_type'
p36
S'matfree'
p37
sS'fieldsplit_1_assembled_telescope_pc_hypre_boomeramg_agg_nl'
p38
I1
sS'fieldsplit_0_fieldsplit_1_pcd_Kp_telescope_ksp_pc_hypre_boomeramg_agg_num_paths'
p39
I2
sS'snes_rtol'
p40
F1e-08
sS'fieldsplit_1_pc_type'
p41
S'python'
p42
sS'fieldsplit_0_pc_fieldsplit_schur_fact_type'
p43
S'lower'
p44
sS'fieldsplit_1_assembled_telescope_pc_hypre_boomeramg_no_CF'
p45
I01
sS'fieldsplit_0_fieldsplit_1_pcd_Kp_telescope_ksp_pc_hypre_boomeramg_no_CF'
p46
I01
sS'fieldsplit_1_assembled_telescope_mg_levels_pc_type'
p47
S'bjacobi'
p48
sS'fieldsplit_0_fieldsplit_1_pcd_Kp_telescope_ksp_pc_hypre_boomeramg_agg_nl'
p49
I1
sS'pc_type'
p50
S'fieldsplit'
p51
sS'fieldsplit_0_fieldsplit_0_ksp_type'
p52
S'preonly'
p53
sS'fieldsplit_1_assembled_telescope_pc_gamg_sym_graph'
p54
I01
sS'fieldsplit_0_fieldsplit_0_assembled_mat_type'
p55
g31
sS'snes_type'
p56
S'newtonls'
p57
sS'fieldsplit_0_fieldsplit_1_pcd_Kp_telescope_ksp_ksp_type'
p58
g13
sS'pc_fieldsplit_1_fields'
p59
S'2'
sS'fieldsplit_0_fieldsplit_0_pc_python_type'
p60
S'firedrake.AssembledPC'
p61
sS'fieldsplit_0_ksp_gmres_modifiedgramschmidt'
p62
I01
sS'fieldsplit_1_assembled_telescope_pc_hypre_boomeramg_P_max'
p63
I4
sS'fieldsplit_0_fieldsplit_0_assembled_mg_levels_sub_pc_type'
p64
S'ilu'
p65
sS'fieldsplit_0_fieldsplit_0_pc_type'
p66
g42
sS'fieldsplit_0_fieldsplit_1_pcd_Kp_telescope_ksp_ksp_max_it'
p67
I3
sS'fieldsplit_1_ksp_type'
p68
S'gmres'
p69
sS'results-file'
p70
S'results64/rayleigh-benard-weak-3d-64bit-pcd_hypre-fixed-rapr.csv'
p71
sS'fieldsplit_1_assembled_pc_telescope_reduction_factor'
p72
I6
sS'fieldsplit_0_fieldsplit_1_pcd_Kp_telescope_pc_hypre_boomeramg_agg_nl'
p73
I1
sS'fieldsplit_0_pc_type'
p74
g51
sS'fieldsplit_0_fieldsplit_1_pcd_Mp_ksp_max_it'
p75
I2
sS'fieldsplit_1_pc_python_type'
p76
g61
sS'fieldsplit_1_assembled_pc_type'
p77
S'telescope'
p78
sS'fieldsplit_0_fieldsplit_0_assembled_pc_hypre_boomeramg_agg_nl'
p79
I1
sS'fieldsplit_0_fieldsplit_1_pcd_Kp_telescope_pc_hypre_boomeramg_coarsen_type'
p80
g19
sS'mat_type'
p81
g37
sS'fieldsplit_1_ksp_rtol'
p82
F0.0001
sS'fieldsplit_1_assembled_telescope_pc_hypre_boomeramg_coarsen_type'
p83
g19
sS'fieldsplit_1_assembled_telescope_pc_hypre_boomeramg_interp_type'
p84
g22
sS'fieldsplit_0_fieldsplit_1_pcd_Kp_telescope_ksp_pc_hypre_boomeramg_interp_type'
p85
g22
sS'fieldsplit_0_pc_fieldsplit_type'
p86
S'schur'
p87
sS'ksp_type'
p88
S'fgmres'
p89
sS'fieldsplit_0_fieldsplit_1_pcd_Kp_pc_type'
p90
g78
sS'fieldsplit_0_fieldsplit_0_assembled_pc_gamg_sym_graph'
p91
I01
sS'fieldsplit_1_assembled_mat_type'
p92
g31
sS'fieldsplit_0_fieldsplit_0_assembled_pc_type'
p93
g4
sS'ksp_monitor'
p94
I01
sS'fieldsplit_0_fieldsplit_1_pcd_Kp_ksp_type'
p95
g53
sS'pc_fieldsplit_0_fields'
p96
S'0,1'
p97
sS'fieldsplit_0_fieldsplit_1_pcd_Kp_mat_type'
p98
g31
sS'fieldsplit_0_fieldsplit_1_pc_type'
p99
g42
sS'fieldsplit_0_fieldsplit_1_ksp_type'
p100
g53
sS'fieldsplit_0_fieldsplit_0_assembled_mg_levels_pc_type'
p101
g48
sS'fieldsplit_0_ksp_converged_reason'
p102
I01
sS'ksp_converged_reason'
p103
I01
sS'fieldsplit_0_fieldsplit_0_assembled_pc_hypre_boomeramg_agg_num_paths'
p104
I2
sS'fieldsplit_1_assembled_telescope_mg_levels_sub_pc_type'
p105
g65
sS'fieldsplit_0_fieldsplit_1_pcd_Kp_telescope_pc_hypre_boomeramg_agg_num_paths'
p106
I2
sS'fieldsplit_0_fieldsplit_1_pcd_Kp_telescope_pc_hypre_boomeramg_P_max'
p107
I4
sS'fieldsplit_0_fieldsplit_1_pc_python_type'
p108
S'firedrake.PCDPC'
p109
sS'fieldsplit_0_ksp_type'
p110
g69
sS'fieldsplit_0_fieldsplit_0_assembled_pc_hypre_boomeramg_interp_type'
p111
g22
sS'fieldsplit_1_assembled_telescope_pc_hypre_boomeramg_agg_num_paths'
p112
I2
sS'fieldsplit_0_fieldsplit_1_pcd_Kp_telescope_ksp_pc_hypre_boomeramg_coarsen_type'
p113
g19
sS'fieldsplit_1_ksp_converged_reason'
p114
I01
sS'fieldsplit_0_fieldsplit_1_pcd_Mp_pc_type'
p115
S'sor'
p116
sS'dimension'
p117
S'3'
sS'fieldsplit_0_fieldsplit_0_assembled_pc_hypre_boomeramg_no_CF'
p118
I01
s.","cnumpy.core.multiarray
_reconstruct
p1
(cnumpy
ndarray
p2
(I0
tS'b'
tRp3
(I1
(I18
tcnumpy
dtype
p4
(S'i8'
I0
I1
tRp5
(I3
S'<'
NNNI-1
I-1
I0
tbI00
S'\x14\x00\x00\x00\x00\x00\x00\x00\x17\x00\x00\x00\x00\x00\x00\x00\x17\x00\x00\x00\x00\x00\x00\x00\x1b\x00\x00\x00\x00\x00\x00\x00\x1f\x00\x00\x00\x00\x00\x00\x00\x12\x00\x00\x00\x00\x00\x00\x00\x12\x00\x00\x00\x00\x00\x00\x00\x12\x00\x00\x00\x00\x00\x00\x00\x15\x00\x00\x00\x00\x00\x00\x00\x1a\x00\x00\x00\x00\x00\x00\x00\x1e\x00\x00\x00\x00\x00\x00\x00\x1d\x00\x00\x00\x00\x00\x00\x00\x12\x00\x00\x00\x00\x00\x00\x00\x15\x00\x00\x00\x00\x00\x00\x00\x14\x00\x00\x00\x00\x00\x00\x00\x18\x00\x00\x00\x00\x00\x00\x00\x1a\x00\x00\x00\x00\x00\x00\x00\x1b\x00\x00\x00\x00\x00\x00\x00'
tb.","cnumpy.core.multiarray
_reconstruct
p1
(cnumpy
ndarray
p2
(I0
tS'b'
tRp3
(I1
(I18
tcnumpy
dtype
p4
(S'i8'
I0
I1
tRp5
(I3
S'<'
NNNI-1
I-1
I0
tbI00
S'\x07\x00\x00\x00\x00\x00\x00\x00\n\x00\x00\x00\x00\x00\x00\x00\t\x00\x00\x00\x00\x00\x00\x00\n\x00\x00\x00\x00\x00\x00\x00\n\x00\x00\x00\x00\x00\x00\x00\x08\x00\x00\x00\x00\x00\x00\x00\x08\x00\x00\x00\x00\x00\x00\x00\x08\x00\x00\x00\x00\x00\x00\x00\x08\x00\x00\x00\x00\x00\x00\x00\x08\x00\x00\x00\x00\x00\x00\x00\t\x00\x00\x00\x00\x00\x00\x00\x08\x00\x00\x00\x00\x00\x00\x00\t\x00\x00\x00\x00\x00\x00\x00\t\x00\x00\x00\x00\x00\x00\x00\x08\x00\x00\x00\x00\x00\x00\x00\x08\x00\x00\x00\x00\x00\x00\x00\t\x00\x00\x00\x00\x00\x00\x00\x08\x00\x00\x00\x00\x00\x00\x00'
tb.","cnumpy.core.multiarray
_reconstruct
p1
(cnumpy
ndarray
p2
(I0
tS'b'
tRp3
(I1
(I3
tcnumpy
dtype
p4
(S'i8'
I0
I1
tRp5
(I3
S'<'
NNNI-1
I-1
I0
tbI00
S'\x05\x00\x00\x00\x00\x00\x00\x00\x07\x00\x00\x00\x00\x00\x00\x00\x06\x00\x00\x00\x00\x00\x00\x00'
tb."
0.128657121561,0.0227214646681,166.412806338,164.411791221,7.32161675747,166.890717664,1,3,185577989,"cnumpy.core.multiarray
_reconstruct
p1
(cnumpy
ndarray
p2
(I0
tS'b'
tRp3
(I1
(I22
tcnumpy
dtype
p4
(S'f8'
I0
I1
tRp5
(I3
S'<'
NNNI-1
I-1
I0
tbI00
S'z#\x0cZG\xc6\xc2?\x9a\x05g>&\x01j?\xc1:\xa7\xc4\x04\x90_?\xd9\xfa\xad\xa9\x0f|#?\x9e+*Hw\xd8\xdd>\x04A>\xa3<^\x90>\xec%\xe6\xc38\xe1\xf0>\x08!\xcd\xe0\x05\xb9\xf0>\xdf+\x1d\\T\x81\xeb>\xbc1Q\xbf\xba\xd7\xbd>\xd7\xc1\xf0\x8f\x951n>\xe0\xcdX\x08)#A>\xed\xd3o>?\x07\xf4=\xc6}\x12O(\xbf\xc2=`$\x00^\x81\x1cD>\x9b\xfb+\x93\x13\xe6=>\xcd\x8c\xcb\x98\xef\xcf.>O\x88\xe7@\x8f\xa5\x03>\x07\x88VX""$\xcb=\xa6?e`\x1a\xcf\x8d=\'.rp\n\xf6E=\xd8\xaf\xe3\x07\xd6k\x05='
tb.",19,"cnumpy.core.multiarray
_reconstruct
p1
(cnumpy
ndarray
p2
(I0
tS'b'
tRp3
(I1
(I4
tcnumpy
dtype
p4
(S'i8'
I0
I1
tRp5
(I3
S'<'
NNNI-1
I-1
I0
tbI00
S'\x00\x00\x00\x00\x00\x00\x00\x00\x05\x00\x00\x00\x00\x00\x00\x00\x07\x00\x00\x00\x00\x00\x00\x00\x07\x00\x00\x00\x00\x00\x00\x00'
tb.",192,Rayleigh-Benard,42467328,6144,pcd_mg,"cnumpy.core.multiarray
_reconstruct
p1
(cnumpy
ndarray
p2
(I0
tS'b'
tRp3
(I1
(I4
tcnumpy
dtype
p4
(S'f8'
I0
I1
tRp5
(I3
S'<'
NNNI-1
I-1
I0
tbI00
S'z#\x0cZG\xc6\xc2?\xec%\xe6\xc38\xe1\xf0>`$\x00^\x81\x1cD>j\xc9-[\xa1\xd0\x05='
tb.",3,"(dp1
S'snes_monitor'
p2
I01
sS'fieldsplit_0_fieldsplit_1_pcd_Kp_telescope_ksp_pc_type'
p3
S'hypre'
p4
sS'fieldsplit_0_fieldsplit_0_assembled_mg_levels_ksp_max_it'
p5
I3
sS'snes_converged_reason'
p6
I01
sS'snes_linesearch_type'
p7
S'basic'
p8
sS'fieldsplit_1_assembled_telescope_mg_levels_ksp_max_it'
p9
I3
sS'fieldsplit_0_fieldsplit_1_pcd_Kp_pc_telescope_reduction_factor'
p10
I6
sS'fieldsplit_0_fieldsplit_1_pcd_Kp_telescope_pc_hypre_boomeramg_no_CF'
p11
I01
sS'fieldsplit_0_fieldsplit_0_assembled_mg_levels_ksp_type'
p12
S'richardson'
p13
sS'parameters'
p14
S'pcd_mg'
p15
sS'fieldsplit_1_assembled_telescope_pc_type'
p16
g4
sS'fieldsplit_0_fieldsplit_1_pcd_Kp_telescope_ksp_pc_hypre_boomeramg_P_max'
p17
I4
sS'fieldsplit_0_fieldsplit_0_assembled_pc_hypre_boomeramg_coarsen_type'
p18
S'HMIS'
p19
sS'fieldsplit_0_ksp_rtol'
p20
F0.01
sS'fieldsplit_0_fieldsplit_1_pcd_Kp_telescope_pc_hypre_boomeramg_interp_type'
p21
S'ext+i'
p22
sS'snes_view'
p23
I01
sS'fieldsplit_0_fieldsplit_1_pcd_Kp_telescope_pc_type'
p24
S'ksp'
p25
sS'pc_fieldsplit_type'
p26
S'multiplicative'
p27
sS'log_view'
p28
S'ascii:results64/rayleigh-benard-pcd_hypre-fixed-rapr-weak-3d-64bit-6144.log'
p29
sS'fieldsplit_0_fieldsplit_1_pcd_Mp_mat_type'
p30
S'aij'
p31
sS'fieldsplit_0_fieldsplit_0_assembled_pc_hypre_boomeramg_P_max'
p32
I4
sS'fieldsplit_1_assembled_telescope_mg_levels_ksp_type'
p33
g13
sS'ksp_gmres_modifiedgramschmidt'
p34
I01
sS'fieldsplit_0_fieldsplit_1_pcd_Mp_ksp_type'
p35
g13
sS'fieldsplit_0_fieldsplit_1_pcd_Fp_mat_type'
p36
S'matfree'
p37
sS'fieldsplit_1_assembled_telescope_pc_hypre_boomeramg_agg_nl'
p38
I1
sS'fieldsplit_0_fieldsplit_1_pcd_Kp_telescope_ksp_pc_hypre_boomeramg_agg_num_paths'
p39
I2
sS'snes_rtol'
p40
F1e-08
sS'fieldsplit_1_pc_type'
p41
S'python'
p42
sS'fieldsplit_0_pc_fieldsplit_schur_fact_type'
p43
S'lower'
p44
sS'fieldsplit_1_assembled_telescope_pc_hypre_boomeramg_no_CF'
p45
I01
sS'fieldsplit_0_fieldsplit_1_pcd_Kp_telescope_ksp_pc_hypre_boomeramg_no_CF'
p46
I01
sS'fieldsplit_1_assembled_telescope_mg_levels_pc_type'
p47
S'bjacobi'
p48
sS'fieldsplit_0_fieldsplit_1_pcd_Kp_telescope_ksp_pc_hypre_boomeramg_agg_nl'
p49
I1
sS'pc_type'
p50
S'fieldsplit'
p51
sS'fieldsplit_0_fieldsplit_0_ksp_type'
p52
S'preonly'
p53
sS'fieldsplit_1_assembled_telescope_pc_gamg_sym_graph'
p54
I01
sS'fieldsplit_0_fieldsplit_0_assembled_mat_type'
p55
g31
sS'snes_type'
p56
S'newtonls'
p57
sS'fieldsplit_0_fieldsplit_1_pcd_Kp_telescope_ksp_ksp_type'
p58
g13
sS'pc_fieldsplit_1_fields'
p59
S'2'
sS'fieldsplit_0_fieldsplit_0_pc_python_type'
p60
S'firedrake.AssembledPC'
p61
sS'fieldsplit_0_ksp_gmres_modifiedgramschmidt'
p62
I01
sS'fieldsplit_1_assembled_telescope_pc_hypre_boomeramg_P_max'
p63
I4
sS'fieldsplit_0_fieldsplit_0_assembled_mg_levels_sub_pc_type'
p64
S'ilu'
p65
sS'fieldsplit_0_fieldsplit_0_pc_type'
p66
g42
sS'fieldsplit_0_fieldsplit_1_pcd_Kp_telescope_ksp_ksp_max_it'
p67
I3
sS'fieldsplit_1_ksp_type'
p68
S'gmres'
p69
sS'results-file'
p70
S'results64/rayleigh-benard-weak-3d-64bit-pcd_hypre-fixed-rapr.csv'
p71
sS'fieldsplit_1_assembled_pc_telescope_reduction_factor'
p72
I6
sS'fieldsplit_0_fieldsplit_1_pcd_Kp_telescope_pc_hypre_boomeramg_agg_nl'
p73
I1
sS'fieldsplit_0_pc_type'
p74
g51
sS'fieldsplit_0_fieldsplit_1_pcd_Mp_ksp_max_it'
p75
I2
sS'fieldsplit_1_pc_python_type'
p76
g61
sS'fieldsplit_1_assembled_pc_type'
p77
S'telescope'
p78
sS'fieldsplit_0_fieldsplit_0_assembled_pc_hypre_boomeramg_agg_nl'
p79
I1
sS'fieldsplit_0_fieldsplit_1_pcd_Kp_telescope_pc_hypre_boomeramg_coarsen_type'
p80
g19
sS'mat_type'
p81
g37
sS'fieldsplit_1_ksp_rtol'
p82
F0.0001
sS'fieldsplit_1_assembled_telescope_pc_hypre_boomeramg_coarsen_type'
p83
g19
sS'fieldsplit_1_assembled_telescope_pc_hypre_boomeramg_interp_type'
p84
g22
sS'fieldsplit_0_fieldsplit_1_pcd_Kp_telescope_ksp_pc_hypre_boomeramg_interp_type'
p85
g22
sS'fieldsplit_0_pc_fieldsplit_type'
p86
S'schur'
p87
sS'ksp_type'
p88
S'fgmres'
p89
sS'fieldsplit_0_fieldsplit_1_pcd_Kp_pc_type'
p90
g78
sS'fieldsplit_0_fieldsplit_0_assembled_pc_gamg_sym_graph'
p91
I01
sS'fieldsplit_1_assembled_mat_type'
p92
g31
sS'fieldsplit_0_fieldsplit_0_assembled_pc_type'
p93
g4
sS'ksp_monitor'
p94
I01
sS'fieldsplit_0_fieldsplit_1_pcd_Kp_ksp_type'
p95
g53
sS'pc_fieldsplit_0_fields'
p96
S'0,1'
p97
sS'fieldsplit_0_fieldsplit_1_pcd_Kp_mat_type'
p98
g31
sS'fieldsplit_0_fieldsplit_1_pc_type'
p99
g42
sS'fieldsplit_0_fieldsplit_1_ksp_type'
p100
g53
sS'fieldsplit_0_fieldsplit_0_assembled_mg_levels_pc_type'
p101
g48
sS'fieldsplit_0_ksp_converged_reason'
p102
I01
sS'ksp_converged_reason'
p103
I01
sS'fieldsplit_0_fieldsplit_0_assembled_pc_hypre_boomeramg_agg_num_paths'
p104
I2
sS'fieldsplit_1_assembled_telescope_mg_levels_sub_pc_type'
p105
g65
sS'fieldsplit_0_fieldsplit_1_pcd_Kp_telescope_pc_hypre_boomeramg_agg_num_paths'
p106
I2
sS'fieldsplit_0_fieldsplit_1_pcd_Kp_telescope_pc_hypre_boomeramg_P_max'
p107
I4
sS'fieldsplit_0_fieldsplit_1_pc_python_type'
p108
S'firedrake.PCDPC'
p109
sS'fieldsplit_0_ksp_type'
p110
g69
sS'fieldsplit_0_fieldsplit_0_assembled_pc_hypre_boomeramg_interp_type'
p111
g22
sS'fieldsplit_1_assembled_telescope_pc_hypre_boomeramg_agg_num_paths'
p112
I2
sS'fieldsplit_0_fieldsplit_1_pcd_Kp_telescope_ksp_pc_hypre_boomeramg_coarsen_type'
p113
g19
sS'fieldsplit_1_ksp_converged_reason'
p114
I01
sS'fieldsplit_0_fieldsplit_1_pcd_Mp_pc_type'
p115
S'sor'
p116
sS'dimension'
p117
S'3'
sS'fieldsplit_0_fieldsplit_0_assembled_pc_hypre_boomeramg_no_CF'
p118
I01
s.","cnumpy.core.multiarray
_reconstruct
p1
(cnumpy
ndarray
p2
(I0
tS'b'
tRp3
(I1
(I19
tcnumpy
dtype
p4
(S'i8'
I0
I1
tRp5
(I3
S'<'
NNNI-1
I-1
I0
tbI00
S'\x14\x00\x00\x00\x00\x00\x00\x00\x18\x00\x00\x00\x00\x00\x00\x00\x17\x00\x00\x00\x00\x00\x00\x00\x1a\x00\x00\x00\x00\x00\x00\x00\x1f\x00\x00\x00\x00\x00\x00\x00\x13\x00\x00\x00\x00\x00\x00\x00\x13\x00\x00\x00\x00\x00\x00\x00\x15\x00\x00\x00\x00\x00\x00\x00\x18\x00\x00\x00\x00\x00\x00\x00\x1e\x00\x00\x00\x00\x00\x00\x00$\x00\x00\x00\x00\x00\x00\x00\x1b\x00\x00\x00\x00\x00\x00\x00\x13\x00\x00\x00\x00\x00\x00\x00\x16\x00\x00\x00\x00\x00\x00\x00\x16\x00\x00\x00\x00\x00\x00\x00\x14\x00\x00\x00\x00\x00\x00\x00\x15\x00\x00\x00\x00\x00\x00\x00\x19\x00\x00\x00\x00\x00\x00\x00""\x00\x00\x00\x00\x00\x00\x00'
tb.","cnumpy.core.multiarray
_reconstruct
p1
(cnumpy
ndarray
p2
(I0
tS'b'
tRp3
(I1
(I19
tcnumpy
dtype
p4
(S'i8'
I0
I1
tRp5
(I3
S'<'
NNNI-1
I-1
I0
tbI00
S'\x08\x00\x00\x00\x00\x00\x00\x00\n\x00\x00\x00\x00\x00\x00\x00\n\x00\x00\x00\x00\x00\x00\x00\n\x00\x00\x00\x00\x00\x00\x00\n\x00\x00\x00\x00\x00\x00\x00\t\x00\x00\x00\x00\x00\x00\x00\t\x00\x00\x00\x00\x00\x00\x00\t\x00\x00\x00\x00\x00\x00\x00\t\x00\x00\x00\x00\x00\x00\x00\t\x00\x00\x00\x00\x00\x00\x00\t\x00\x00\x00\x00\x00\x00\x00\t\x00\x00\x00\x00\x00\x00\x00\t\x00\x00\x00\x00\x00\x00\x00\t\x00\x00\x00\x00\x00\x00\x00\t\x00\x00\x00\x00\x00\x00\x00\t\x00\x00\x00\x00\x00\x00\x00\t\x00\x00\x00\x00\x00\x00\x00\t\x00\x00\x00\x00\x00\x00\x00\t\x00\x00\x00\x00\x00\x00\x00'
tb.","cnumpy.core.multiarray
_reconstruct
p1
(cnumpy
ndarray
p2
(I0
tS'b'
tRp3
(I1
(I3
tcnumpy
dtype
p4
(S'i8'
I0
I1
tRp5
(I3
S'<'
NNNI-1
I-1
I0
tbI00
S'\x05\x00\x00\x00\x00\x00\x00\x00\x07\x00\x00\x00\x00\x00\x00\x00\x07\x00\x00\x00\x00\x00\x00\x00'
tb."
